序号(),日期时间,时间(s),水平X1力(kN),水平X2力(kN),垂向Y1力(kN),垂向Y2力(kN),水平X1位移(mm),水平X2位移(mm),垂向Y1位移(mm),垂向Y2位移(mm),水平应变1微应变(με),水平应变2微应变(με),垂向应变1微应变(με),垂向应变2微应变(με),应变CH5微应变(με),应变CH6微应变(με),应变CH7微应变(με),应变CH8微应变(με),水平变形(mm),垂向变形(mm)
0,#2026-05-27 13:51:10#,0,0.000127,-7.8E-05,0.124925,0.162613,0.000333,0,0,0,0,0,0,0,0,0,0,0,0,0
1,#2026-05-27 13:51:11#,0,0.000127,-7.8E-05,0.124925,0.162613,0.000333,0,0,0,0,0,0,0,0,0,0,0,0,0
2,#2026-05-27 13:51:11#,0.199999999998909,-5.4E-05,2E-06,0.125047,0.162714,0,0,0,0,0,0,0,0,0,0,0,0,0,0
3,#2026-05-27 13:51:11#,0.319999999999709,0.000133,-0.000231,0.124925,0.162426,0,-0.000333,0,0,0,0,0,0,0,0,0,0,0,0
4,#2026-05-27 13:51:11#,0.420000000000073,-2.6E-05,-0.000278,0.125,0.16244,0,-0.000333,0,0,0,0,0,0,0,0,0,0,0,0
5,#2026-05-27 13:51:11#,0.520999999998821,-7E-06,-0.000181,0.128934,0.166268,0,0,0,0.000333,0,0,0,0,0,0,0,0,0,0
6,#2026-05-27 13:51:11#,0.620999999999185,0.000155,-5.5E-05,0.148958,0.187064,0.000333,-0.000333,0,0.001333,0,0,0,0,0,0,0,0,0,0
7,#2026-05-27 13:51:11#,0.722999999999956,0.000194,-0.000133,0.201815,0.240962,0,0,0,0.004333,0,0,0,0,0,0,0,0,0,0
8,#2026-05-27 13:51:11#,0.795000000000073,0.000118,-7.4E-05,0.251819,0.291073,0,0,0,0.007333,0,0,0,0,0,0,0,0,0,0
9,#2026-05-27 13:51:11#,0.90099999999984,0.000189,-7.6E-05,0.324845,0.363519,0,-0.000333,-0.000333,0.012,0,0,0,0,0,0,0,0,0,0
10,#2026-05-27 13:51:11#,1.0109999999986,0.000133,-0.000122,0.394197,0.429759,0,0,-0.000333,0.016667,0,0,0,0,0,0,0,0,0,0
11,#2026-05-27 13:51:12#,1.11899999999878,0.000297,5.6E-05,0.44541,0.478371,0,0,-0.000333,0.020667,0,0,0,0,0,0,0,0,0,0
12,#2026-05-27 13:51:12#,1.22400000000016,0.000196,2.9E-05,0.483284,0.514562,0,-0.000333,-0.000333,0.023667,0,0,0,0,0,0,0,0,0,0
13,#2026-05-27 13:51:12#,1.3239999999987,0.000205,8.1E-05,0.518893,0.548926,0,-0.000333,-0.000333,0.026667,0,0,0,0,0,0,0,0,0,0
14,#2026-05-27 13:51:12#,1.42399999999907,0.00034,-0.000124,0.558288,0.586822,0,0,-0.000667,0.03,0,0,0,0,0,0,0,0,0,0
15,#2026-05-27 13:51:12#,1.52499999999964,0.000334,-0.000103,0.602267,0.629433,0,-0.000333,-0.000667,0.033667,0,0,0,0,0,0,0,0,0,0
16,#2026-05-27 13:51:12#,1.625,0.000215,-7E-05,0.643003,0.668625,0,0,-0.000667,0.037667,0,0,0,0,0,0,0,0,0,0
17,#2026-05-27 13:51:12#,1.72499999999854,0.000246,0.000102,0.681824,0.70631,0,0,-0.001,0.041333,0,0,0,0,0,0,0,0,0,0
18,#2026-05-27 13:51:12#,1.82599999999911,0.000276,-8.9E-05,0.722694,0.746148,0,-0.000333,-0.001,0.045667,0,0,0,0,0,0,0,0,0,0
19,#2026-05-27 13:51:12#,1.92599999999948,9.2E-05,-2.6E-05,0.765731,0.78785,0,0,-0.001333,0.05,0,0,0,0,0,0,0,0,0,0
20,#2026-05-27 13:51:12#,2.02599999999984,0.000364,-7E-05,0.812303,0.833448,0,0,-0.001667,0.055,0,0,0,0,0,0,0,0,0,0
21,#2026-05-27 13:51:13#,2.10099999999875,0.000144,2.7E-05,0.844542,0.864575,0,-0.000333,-0.001667,0.058667,0,0,0,0,0,0,0,0,0,0
22,#2026-05-27 13:51:13#,2.20999999999913,0.000151,-8.7E-05,0.87166,0.890883,0,-0.000333,-0.002,0.062333,0,0,0,0,0,0,0,0,0,0
23,#2026-05-27 13:51:13#,2.31899999999951,7.1E-05,-4.2E-05,0.894208,0.912704,0,-0.000333,-0.002,0.065667,0,0,0,0,0,0,0,0,0,0
24,#2026-05-27 13:51:13#,2.42799999999988,0.000226,-0.000217,0.919415,0.93729,0,0,-0.002,0.069,0,0,0,0,0,0,0,0,0,0
25,#2026-05-27 13:51:13#,2.52800000000025,0.000258,-0.000122,0.943351,0.961103,0,0,-0.002,0.072,0,0,0,0,0,0,0,0,0,0
26,#2026-05-27 13:51:13#,2.62799999999879,0.00028,-0.000164,0.966739,0.984111,0,0,-0.002,0.075333,0,0,0,0,0,0,0,0,0,0
27,#2026-05-27 13:51:13#,2.72899999999936,0.000358,0,0.988347,1.005173,0,-0.000333,-0.002,0.078333,0,0,0,0,0,0,0,0,0,0
28,#2026-05-27 13:51:13#,2.82899999999972,0.000364,-7.6E-05,1.00941,1.025845,0,-0.000333,-0.001667,0.081333,0,0,0,0,0,0,0,0,0,0
29,#2026-05-27 13:51:13#,2.92900000000009,0.000228,-2.6E-05,1.030775,1.047035,0,-0.000333,-0.001667,0.084333,0,0,0,0,0,0,0,0,0,0
30,#2026-05-27 13:51:13#,3.02999999999884,0.000278,-1.7E-05,1.055189,1.071188,0,0,-0.001667,0.087667,0,0,0,0,0,0,0,0,0,0
31,#2026-05-27 13:51:14#,3.1299999999992,0.000328,-4.7E-05,1.082691,1.098253,0,-0.000333,-0.001667,0.091667,0,0,0,0,0,0,0,0,0,0
32,#2026-05-27 13:51:14#,3.22999999999956,0.000146,-9.5E-05,1.109437,1.12454,0,0,-0.001667,0.095667,0,0,0,0,0,0,0,0,0,0
33,#2026-05-27 13:51:14#,3.32999999999993,0.000295,-0.000208,1.131975,1.146431,0,-0.000333,-0.001667,0.099333,0,0,0,0,0,0,0,0,0,0
34,#2026-05-27 13:51:14#,3.41799999999967,0.000237,-0.000118,1.148842,1.163046,0,0,-0.001667,0.102333,0,0,0,0,0,0,0,0,0,0
35,#2026-05-27 13:51:14#,3.52800000000025,0.000181,-0.000166,1.16967,1.183362,0,-0.000333,-0.001667,0.106,0,0,0,0,0,0,0,0,0,0
36,#2026-05-27 13:51:14#,3.6309999999994,0.00033,-4.7E-05,1.19065,1.204313,0,0,-0.001667,0.109667,0,0,0,0,0,0,0,0,0,0
37,#2026-05-27 13:51:14#,3.73300000000017,0.000392,-9E-06,1.205322,1.218356,0,-0.000333,-0.001667,0.113,0,0,0,0,0,0,0,0,0,0
38,#2026-05-27 13:51:14#,3.83299999999872,0.000168,-0.000168,1.215412,1.22837,0,-0.000333,-0.001667,0.115667,0,0,0,0,0,0,0,0,0,0
39,#2026-05-27 13:51:14#,3.93299999999908,6E-05,-0.000116,1.227376,1.240091,0,-0.000333,-0.001667,0.118333,0,0,0,0,0,0,0,0,0,0
40,#2026-05-27 13:51:14#,4.03299999999945,0.000235,-0.000101,1.242669,1.255251,0,-0.000333,-0.001667,0.121,0,0,0,0,0,0,0,0,0,0
41,#2026-05-27 13:51:15#,4.13299999999981,0.000343,-0.000191,1.259761,1.272168,0,0,-0.001667,0.124,0,0,0,0,0,0,0,0,0,0
42,#2026-05-27 13:51:15#,4.23300000000017,0.000213,-8E-05,1.279109,1.2914,0,-0.000333,-0.001333,0.127333,0,0,0,0,0,0,0,0,0,0
43,#2026-05-27 13:51:15#,4.33299999999872,0.000271,-5.1E-05,1.296861,1.308743,0,-0.000333,-0.001333,0.130667,0,0,0,0,0,0,0,0,0,0
44,#2026-05-27 13:51:15#,4.43399999999929,0.000205,-5E-06,1.312316,1.324051,0,-0.000333,-0.001333,0.134,0,0,0,0,0,0,0,0,0,0
45,#2026-05-27 13:51:15#,4.53399999999965,0.000222,-0.000154,1.325809,1.33725,0,-0.000333,-0.001333,0.137,0,0,0,0,0,0,0,0,0,0
46,#2026-05-27 13:51:15#,4.63400000000001,0.00023,2.7E-05,1.340788,1.351843,0,-0.000333,-0.001333,0.14,0,0,0,0,0,0,0,0,0,0
47,#2026-05-27 13:51:15#,4.72799999999916,0.000168,-8.4E-05,1.358049,1.36915,0,-0.000333,-0.001333,0.143333,0,0,0,0,0,0,0,0,0,0
48,#2026-05-27 13:51:15#,4.83399999999892,3.6E-05,-7E-05,1.381666,1.392457,0,-0.000333,-0.001333,0.147667,0,0,0,0,0,0,0,0,0,0
49,#2026-05-27 13:51:15#,4.93499999999949,0.000241,-8E-05,1.40444,1.415082,0,-0.000333,-0.001333,0.152,0,0,0,0,0,0,0,0,0,0
50,#2026-05-27 13:51:15#,5.03499999999985,0.000334,2.5E-05,1.42054,1.430747,0,0,-0.001333,0.155667,0,0,0,0,0,0,0,0,0,0
51,#2026-05-27 13:51:16#,5.1359999999986,0.000299,-0.000126,1.431601,1.441446,0,-0.000333,-0.001333,0.159333,0,0,0,0,0,0,0,0,0,0
52,#2026-05-27 13:51:16#,5.23599999999897,0.000256,-9.1E-05,1.443226,1.452569,0,0,-0.001333,0.162667,0,0,0,0,0,0,0,0,0,0
53,#2026-05-27 13:51:16#,5.33599999999933,0.000185,5E-05,1.45627,1.465555,0,-0.000333,-0.001333,0.166,0,0,0,0,0,0,0,0,0,0
54,#2026-05-27 13:51:16#,5.43599999999969,0.000129,-0.000265,1.468599,1.477818,0,-0.000333,-0.001333,0.169333,0,0,0,0,0,0,0,0,0,0
55,#2026-05-27 13:51:16#,5.53799999999865,0.000194,-5.1E-05,1.478427,1.487075,0,-0.000333,-0.001333,0.172667,0,0,0,0,0,0,0,0,0,0
56,#2026-05-27 13:51:16#,5.63299999999981,0.000278,-0.000248,1.486881,1.495238,0,-0.000333,-0.001333,0.175333,0,0,0,0,0,0,0,0,0,0
57,#2026-05-27 13:51:16#,5.71799999999894,0.000295,-0.000158,1.495995,1.504341,0,-0.000333,-0.001,0.177667,0,0,0,0,0,0,0,0,0,0
58,#2026-05-27 13:51:16#,5.82899999999972,0.000189,-0.000204,1.511638,1.519739,0,-0.000333,-0.001,0.181333,0,0,0,0,0,0,0,0,0,0
59,#2026-05-27 13:51:16#,5.9380000000001,0.000215,0.000115,1.524581,1.532646,0,-0.000333,-0.001,0.185,0,0,0,0,0,0,0,0,0,0
60,#2026-05-27 13:51:16#,6.03799999999865,0.000254,-7.6E-05,1.534777,1.542589,0,-0.000333,-0.001,0.188,0,0,0,0,0,0,0,0,0,0
61,#2026-05-27 13:51:17#,6.13899999999921,9.7E-05,-0.000101,1.545326,1.553095,0,-0.000333,-0.001,0.191,0,0,0,0,0,0,0,0,0,0
62,#2026-05-27 13:51:17#,6.24299999999857,0.000388,-3E-06,1.559192,1.566856,0,-0.000333,-0.001,0.194333,0,0,0,0,0,0,0,0,0,0
63,#2026-05-27 13:51:17#,6.34299999999894,0.000155,2E-06,1.576346,1.584111,0,-0.000333,-0.001,0.198,0,0,0,0,0,0,0,0,0,0
64,#2026-05-27 13:51:17#,6.4429999999993,0.000258,-0.000131,1.594244,1.601815,0,-0.000333,-0.001,0.202333,0,0,0,0,0,0,0,0,0,0
65,#2026-05-27 13:51:17#,6.54299999999967,0.000291,-0.000208,1.607935,1.615272,0,-0.000333,-0.001,0.206,0,0,0,0,0,0,0,0,0,0
66,#2026-05-27 13:51:17#,6.64300000000003,0.000304,-5.9E-05,1.61801,1.625144,0,-0.000333,-0.001,0.209667,0,0,0,0,0,0,0,0,0,0
67,#2026-05-27 13:51:17#,6.74299999999857,0.000196,-0.000208,1.626464,1.633524,0,-0.000333,-0.001,0.213333,0,0,0,0,0,0,0,0,0,0
68,#2026-05-27 13:51:17#,6.84399999999914,0.000382,-0.000271,1.638655,1.645603,0,-0.000333,-0.001,0.216667,0,0,0,0,0,0,0,0,0,0
69,#2026-05-27 13:51:17#,6.94399999999951,0.000239,-0.000105,1.653417,1.660072,0,-0.000333,-0.001,0.220667,0,0,0,0,0,0,0,0,0,0
70,#2026-05-27 13:51:17#,7.04500000000007,0.000159,-7.2E-05,1.666194,1.672568,0,-0.000333,-0.001,0.224667,0,0,0,0,0,0,0,0,0,0
71,#2026-05-27 13:51:18#,7.13799999999901,0.000213,-1.3E-05,1.669807,1.676062,0,-0.000333,-0.001,0.227333,0,0,0,0,0,0,0,0,0,0
72,#2026-05-27 13:51:18#,7.24499999999898,0.000239,-0.000149,1.672192,1.678094,0,-0.000333,-0.000667,0.230333,0,0,0,0,0,0,0,0,0,0
73,#2026-05-27 13:51:18#,7.34599999999955,0.000338,-0.000147,1.679423,1.685189,0,-0.000333,-0.000667,0.233,0,0,0,0,0,0,0,0,0,0
74,#2026-05-27 13:51:18#,7.44599999999991,0.000271,-6.8E-05,1.692132,1.698001,0,-0.000333,-0.000667,0.236,0,0,0,0,0,0,0,0,0,0
75,#2026-05-27 13:51:18#,7.54599999999846,0.000274,-7E-05,1.707121,1.713117,0,-0.000333,-0.000667,0.239667,0,0,0,0,0,0,0,0,0,0
76,#2026-05-27 13:51:18#,7.64599999999882,0.000189,-0.000126,1.715665,1.721407,0,-0.000333,-0.000667,0.242667,0,0,0,0,0,0,0,0,0,0
77,#2026-05-27 13:51:18#,7.74599999999919,0.000384,-7.2E-05,1.720816,1.726276,0,-0.000333,-0.000667,0.245333,0,0,0,0,0,0,0,0,0,0
78,#2026-05-27 13:51:18#,7.84799999999996,0.000222,-0.000269,1.727696,1.733318,0,-0.000333,-0.000667,0.248333,0,0,0,0,0,0,0,0,0,0
79,#2026-05-27 13:51:18#,7.9479999999985,0.000161,-0.000103,1.738674,1.74417,0,-0.000333,-0.000667,0.251333,0,0,0,0,0,0,0,0,0,0
80,#2026-05-27 13:51:18#,8.04799999999887,0.00025,-0.00011,1.752722,1.758431,0,-0.000333,-0.000667,0.254667,0,0,0,0,0,0,0,0,0,0
81,#2026-05-27 13:51:19#,8.1260000000002,0.000312,1E-05,1.764629,1.770419,0,-0.000333,-0.000667,0.257333,0,0,0,0,0,0,0,0,0,0
82,#2026-05-27 13:51:19#,8.23399999999856,0.000265,-0.000162,1.780383,1.786226,0,-0.000333,-0.000667,0.261333,0,0,0,0,0,0,0,0,0,0
83,#2026-05-27 13:51:19#,8.34799999999996,0.000243,-0.000244,1.79339,1.798983,0,-0.000333,-0.000667,0.265667,0,0,0,0,0,0,0,0,0,0
84,#2026-05-27 13:51:19#,8.4489999999987,0.000306,-4.9E-05,1.802771,1.808359,0,-0.000333,-0.000667,0.269,0,0,0,0,0,0,0,0,0,0
85,#2026-05-27 13:51:19#,8.54899999999907,0.00034,-0.000103,1.811344,1.816874,0,-0.000333,-0.000667,0.272333,0,0,0,0,0,0,0,0,0,0
86,#2026-05-27 13:51:19#,8.64899999999943,0.000243,-0.000309,1.822371,1.828011,0,-0.000333,-0.000667,0.275667,0,0,0,0,0,0,0,0,0,0
87,#2026-05-27 13:51:19#,8.7489999999998,0.000394,-0.000133,1.833377,1.838888,0,-0.000333,-0.000667,0.279,0,0,0,0,0,0,0,0,0,0
88,#2026-05-27 13:51:19#,8.84999999999854,0.000466,-0.000212,1.842678,1.848322,0,-0.000333,-0.000667,0.282333,0,0,0,0,0,0,0,0,0,0
89,#2026-05-27 13:51:19#,8.94999999999891,0.000308,-0.000179,1.850157,1.855689,0,-0.000333,-0.000667,0.285333,0,0,0,0,0,0,0,0,0,0
90,#2026-05-27 13:51:19#,9.04999999999927,0.000207,-0.000185,1.856545,1.861973,0,-0.000333,-0.000667,0.288333,0,0,0,0,0,0,0,0,0,0
91,#2026-05-27 13:51:20#,9.15099999999984,0.000315,-9.7E-05,1.865199,1.870749,0,-0.000333,-0.000667,0.291333,0,0,0,0,0,0,0,0,0,0
92,#2026-05-27 13:51:20#,9.2510000000002,0.000217,-0.000143,1.875376,1.881225,0,-0.000333,-0.000667,0.294333,0,0,0,0,0,0,0,0,0,0
93,#2026-05-27 13:51:20#,9.35099999999875,0.000213,-0.000179,1.883718,1.889288,0,-0.000333,-0.000667,0.297333,0,0,0,0,0,0,0,0,0,0
94,#2026-05-27 13:51:20#,9.4429999999993,0.00034,-0.000206,1.891107,1.896619,0,-0.000333,-0.000667,0.3,0,0,0,0,0,0,0,0,0,0
95,#2026-05-27 13:51:20#,9.53799999999865,0.000243,-8.7E-05,1.900086,1.905678,0,-0.000333,-0.000667,0.302667,0,0,0,0,0,0,0,0,0,0
96,#2026-05-27 13:51:20#,9.64899999999943,0.000466,-0.000103,1.914769,1.920449,0,-0.000333,-0.000667,0.306333,0,0,0,0,0,0,0,0,0,0
97,#2026-05-27 13:51:20#,9.75299999999879,0.00017,-3.2E-05,1.933962,1.939701,0,-0.000333,-0.000667,0.310333,0,0,0,0,0,0,0,0,0,0
98,#2026-05-27 13:51:20#,9.85299999999916,0.00028,-9.9E-05,1.95383,1.959612,0,-0.000333,-0.000667,0.315,0,0,0,0,0,0,0,0,0,0
99,#2026-05-27 13:51:20#,9.95299999999952,0.00025,-0.000118,1.972168,1.977695,0,-0.000333,-0.000667,0.319667,0,0,0,0,0,0,0,0,0,0
100,#2026-05-27 13:51:20#,10.0529999999999,0.000241,-3.2E-05,1.982059,1.98716,0,-0.000333,-0.000667,0.324,0,0,0,0,0,0,0,0,0,0
101,#2026-05-27 13:51:21#,10.1539999999986,0.000401,-6.1E-05,1.986206,1.991192,0,-0.000333,-0.000667,0.327667,0,0,0,0,0,0,0,0,0,0
102,#2026-05-27 13:51:21#,10.253999999999,0.000192,-8E-05,1.992428,1.997289,0,-0.000333,-0.000667,0.330667,0,0,0,0,0,0,0,0,0,0
103,#2026-05-27 13:51:21#,10.3539999999994,0.000194,-5.9E-05,1.998792,2.003703,0,-0.000333,-0.000667,0.334,0,0,0,0,0,0,0,0,0,0
104,#2026-05-27 13:51:21#,10.4239999999991,0.000153,-0.000173,2.002328,2.007057,0,-0.000333,-0.000667,0.336,0,0,0,0,0,0,0,0,0,0
105,#2026-05-27 13:51:21#,10.5379999999986,0.000157,-0.000108,2.007381,2.012191,0,-0.000333,-0.000667,0.339,0,0,0,0,0,0,0,0,0,0
106,#2026-05-27 13:51:21#,10.6329999999998,0.00028,-0.000143,2.014335,2.018955,0,-0.000333,-0.000667,0.341667,0,0,0,0,0,0,0,0,0,0
107,#2026-05-27 13:51:21#,10.7429999999986,0.000263,-0.000112,2.024939,2.029508,-0.000333,-0.000333,-0.000333,0.344667,0,0,0,0,0,0,0,0,0,0
108,#2026-05-27 13:51:21#,10.8549999999996,0.000356,-0.000158,2.038378,2.04311,0,-0.000333,-0.000333,0.348333,0,0,0,0,0,0,0,0,0,0
109,#2026-05-27 13:51:21#,10.9560000000001,0.000246,-0.000225,2.047874,2.052488,-0.000333,-0.000333,-0.000333,0.351667,0,0,0,0,0,0,0,0,0,0
110,#2026-05-27 13:51:21#,11.0579999999991,0.00017,-0.000175,2.055227,2.059917,0,-0.000333,-0.000333,0.354667,0,0,0,0,0,0,0,0,0,0
111,#2026-05-27 13:51:22#,11.1579999999994,0.000226,-0.000177,2.063361,2.067808,-0.000333,-0.000333,-0.000333,0.357333,0,0,0,0,0,0,0,0,0,0
112,#2026-05-27 13:51:22#,11.2579999999998,0.000112,-0.000206,2.07369,2.077985,0,-0.000333,-0.000333,0.360667,0,0,0,0,0,0,0,0,0,0
113,#2026-05-27 13:51:22#,11.3580000000002,0.000118,-7E-06,2.086999,2.091455,0,-0.000333,-0.000333,0.364,0,0,0,0,0,0,0,0,0,0
114,#2026-05-27 13:51:22#,11.4579999999987,0.000209,-0.000149,2.101992,2.106432,0,-0.000333,-0.000667,0.368,0,0,0,0,0,0,0,0,0,0
115,#2026-05-27 13:51:22#,11.5579999999991,0.0002,-0.000116,2.116551,2.120746,0,-0.000333,-0.000667,0.372,0,0,0,0,0,0,0,0,0,0
116,#2026-05-27 13:51:22#,11.6589999999997,0.000386,-0.000299,2.130688,2.135058,0,-0.000333,-0.000667,0.376333,0,0,0,0,0,0,0,0,0,0
117,#2026-05-27 13:51:22#,11.735999999999,0.000179,-3.8E-05,2.139228,2.143489,-0.000333,-0.000333,-0.000667,0.379333,0,0,0,0,0,0,0,0,0,0
118,#2026-05-27 13:51:22#,11.8459999999995,0.000299,-0.000139,2.144904,2.148757,0,-0.000333,-0.000333,0.383333,0,0,0,0,0,0,0,0,0,0
119,#2026-05-27 13:51:22#,11.9579999999987,0.000291,-0.000191,2.150039,2.153768,0,-0.000333,-0.000333,0.386667,0,0,0,0,0,0,0,0,0,0
120,#2026-05-27 13:51:22#,12.0599999999995,0.000135,-0.000152,2.156251,2.160075,0,-0.000333,-0.000333,0.39,0,0,0,0,0,0,0,0,0,0
121,#2026-05-27 13:51:23#,12.1599999999999,0.000233,-0.000189,2.16161,2.165495,0,-0.000333,-0.000333,0.392667,0,0,0,0,0,0,0,0,0,0
122,#2026-05-27 13:51:23#,12.2609999999986,0.000269,-0.000152,2.166943,2.170763,-0.000333,-0.000333,-0.000333,0.395333,0,0,0,0,0,0,0,0,0,0
123,#2026-05-27 13:51:23#,12.3539999999994,0.000295,-0.000126,2.175207,2.178963,-0.000333,0,-0.000333,0.398333,0,0,0,0,0,0,0,0,0,0
124,#2026-05-27 13:51:23#,12.4609999999993,0.000224,-0.000162,2.186152,2.190004,-0.000333,0,-0.000333,0.401667,0,0,0,0,0,0,0,0,0,0
125,#2026-05-27 13:51:23#,12.5630000000001,0.000384,-0.000173,2.193804,2.197264,0,-0.000333,-0.000333,0.404667,0,0,0,0,0,0,0,0,0,0
126,#2026-05-27 13:51:23#,12.6629999999986,0.000172,-9.7E-05,2.199694,2.203359,0,-0.000333,-0.000333,0.407667,0,0,0,0,0,0,0,0,0,0
127,#2026-05-27 13:51:23#,12.762999999999,0.00025,-0.000236,2.207707,2.21113,-0.000333,0,-0.000333,0.410333,0,0,0,0,0,0,0,0,0,0
128,#2026-05-27 13:51:23#,12.8629999999994,0.000388,-0.000246,2.217082,2.220654,0,-0.000333,-0.000333,0.413333,0,0,0,0,0,0,0,0,0,0
129,#2026-05-27 13:51:23#,12.9629999999997,0.000308,-0.000183,2.230016,2.233668,-0.000333,0,-0.000333,0.417,0,0,0,0,0,0,0,0,0,0
130,#2026-05-27 13:51:23#,13.0479999999989,0.000265,-0.000265,2.243472,2.24715,-0.000333,-0.000333,-0.000333,0.420333,0,0,0,0,0,0,0,0,0,0
131,#2026-05-27 13:51:24#,13.155999999999,0.000466,-8.9E-05,2.259129,2.262923,0,0,-0.000333,0.425,0,0,0,0,0,0,0,0,0,0
132,#2026-05-27 13:51:24#,13.2639999999992,0.000267,-0.00029,2.274775,2.278394,-0.000333,0,-0.000333,0.429667,0,0,0,0,0,0,0,0,0,0
133,#2026-05-27 13:51:24#,13.3639999999996,0.000224,-0.000223,2.28747,2.290999,0,0,-0.000667,0.434,0,0,0,0,0,0,0,0,0,0
134,#2026-05-27 13:51:24#,13.4639999999999,0.000323,-0.000313,2.296716,2.300344,-0.000333,-0.000333,-0.000667,0.438333,0,0,0,0,0,0,0,0,0,0
135,#2026-05-27 13:51:24#,13.5649999999987,0.000274,-0.000246,2.300632,2.304071,-0.000333,-0.000333,-0.000333,0.442,0,0,0,0,0,0,0,0,0,0
136,#2026-05-27 13:51:24#,13.6649999999991,0.000369,-0.000236,2.298707,2.301598,-0.000333,0,-0.000333,0.444667,0,0,0,0,0,0,0,0,0,0
137,#2026-05-27 13:51:24#,13.7649999999994,0.000349,-0.000173,2.297949,2.300287,0,0,-0.000333,0.447,0,0,0,0,0,0,0,0,0,0
138,#2026-05-27 13:51:24#,13.8349999999991,0.000202,-0.000152,2.301304,2.303535,0,0,-0.000333,0.448667,0,0,0,0,0,0,0,0,0,0
139,#2026-05-27 13:51:24#,13.9439999999995,0.000276,-0.00011,2.31116,2.313442,0,-0.000333,-0.000333,0.451667,0,0,0,0,0,0,0,0,0,0
140,#2026-05-27 13:51:24#,14.0559999999987,0.000287,-0.00021,2.326058,2.32823,-0.000333,0,-0.000333,0.455333,0,0,0,0,0,0,0,0,0,0
141,#2026-05-27 13:51:25#,14.1659999999993,0.000187,-0.000177,2.338579,2.341012,0,0,-0.000333,0.459,0,0,0,0,0,0,0,0,0,0
142,#2026-05-27 13:51:25#,14.268,0.000401,-0.000208,2.346292,2.34853,0,0,-0.000333,0.462,0,0,0,0,0,0,0,0,0,0
143,#2026-05-27 13:51:25#,14.3679999999986,0.000248,-0.000229,2.350918,2.352847,0,0,-0.000333,0.464667,0,0,0,0,0,0,0,0,0,0
144,#2026-05-27 13:51:25#,14.4679999999989,0.000291,-0.000225,2.357202,2.359184,0,0,-0.000333,0.467333,0,0,0,0,0,0,0,0,0,0
145,#2026-05-27 13:51:25#,14.5679999999993,0.000293,-0.000196,2.365375,2.367303,0,0,-0.000333,0.470333,0,0,0,0,0,0,0,0,0,0
146,#2026-05-27 13:51:25#,14.6679999999997,0.000308,-0.000196,2.377159,2.379224,0,0,-0.000333,0.473333,0,0,0,0,0,0,0,0,0,0
147,#2026-05-27 13:51:25#,14.7690000000002,8.2E-05,-0.000139,2.395125,2.397451,-0.000333,0,-0.000333,0.477333,0,0,0,0,0,0,0,0,0,0
148,#2026-05-27 13:51:25#,14.8689999999988,0.000116,-0.000217,2.415365,2.41802,-0.000333,0,-0.000333,0.482,0,0,0,0,0,0,0,0,0,0
149,#2026-05-27 13:51:25#,14.9689999999991,0.000306,-0.000189,2.428123,2.430773,0,0,-0.000333,0.486667,0,0,0,0,0,0,0,0,0,0
150,#2026-05-27 13:51:25#,15.0499999999993,0.000237,-0.000233,2.432334,2.434438,-0.000333,0,-0.000333,0.489667,0,0,0,0,0,0,0,0,0,0
151,#2026-05-27 13:51:26#,15.1679999999997,0.000194,-0.000215,2.43693,2.438471,-0.000333,0,-0.000333,0.493333,0,0,0,0,0,0,0,0,0,0
152,#2026-05-27 13:51:26#,15.262999999999,0.000319,-0.000261,2.444737,2.446373,0,0,-0.000333,0.496667,0,0,0,0,0,0,0,0,0,0
153,#2026-05-27 13:51:26#,15.369999999999,0.000293,-0.000248,2.457078,2.458567,0,0,-0.000333,0.500333,0,0,0,0,0,0,0,0,0,0
154,#2026-05-27 13:51:26#,15.4709999999995,0.00022,-0.000204,2.46422,2.465423,0,0,-0.000333,0.503667,0,0,0,0,0,0,0,0,0,0
155,#2026-05-27 13:51:26#,15.5709999999999,0.000131,-0.000185,2.467997,2.469013,0,0,-0.000333,0.506667,0,0,0,0,0,0,0,0,0,0
156,#2026-05-27 13:51:26#,15.6709999999985,6.4E-05,-0.000166,2.472366,2.472779,0,0,-0.000333,0.509333,0,0,0,0,0,0,0,0,0,0
157,#2026-05-27 13:51:26#,15.7749999999996,0.000217,6E-05,2.479507,2.480087,-0.000333,0,-0.000333,0.512,0,0,0,0,0,0,0,0,0,0
158,#2026-05-27 13:51:26#,15.875,0.000205,-0.000135,2.488764,2.489351,-0.000333,0,-0.000333,0.515,0,0,0,0,0,0,0,0,0,0
159,#2026-05-27 13:51:26#,15.9749999999985,0.000239,-0.000259,2.500505,2.501116,0,0,-0.000333,0.518333,0,0,0,0,0,0,0,0,0,0
160,#2026-05-27 13:51:26#,16.0759999999991,0.000369,-0.00025,2.509794,2.510623,0,0,-0.000333,0.521333,0,0,0,0,0,0,0,0,0,0
161,#2026-05-27 13:51:27#,16.1759999999995,0.000217,-0.00012,2.518042,2.518583,0,0,-0.000333,0.524667,0,0,0,0,0,0,0,0,0,0
162,#2026-05-27 13:51:27#,16.2709999999988,0.000192,-0.000208,2.526225,2.526692,0,0,-0.000333,0.527333,0,0,0,0,0,0,0,0,0,0
163,#2026-05-27 13:51:27#,16.366,0.000293,-0.000397,2.537611,2.538063,-0.000333,0,-0.000333,0.530667,0,0,0,0,0,0,0,0,0,0
164,#2026-05-27 13:51:27#,16.4779999999992,0.000246,-9.3E-05,2.555556,2.556102,-0.000333,0,-0.000333,0.535,0,0,0,0,0,0,0,0,0,0
165,#2026-05-27 13:51:27#,16.5779999999995,0.000325,-0.000166,2.572622,2.573265,-0.000333,0,-0.000333,0.539667,0,0,0,0,0,0,0,0,0,0
166,#2026-05-27 13:51:27#,16.6779999999999,0.000366,-6.1E-05,2.586258,2.586614,0,0,-0.000333,0.544,0,0,0,0,0,0,0,0,0,0
167,#2026-05-27 13:51:27#,16.7780000000002,0.000287,-0.000257,2.593697,2.593785,0,0,-0.000333,0.548,0,0,0,0,0,0,0,0,0,0
168,#2026-05-27 13:51:27#,16.8779999999988,0.000228,3.5E-05,2.599452,2.599015,-0.000333,0,-0.000333,0.551333,0,0,0,0,0,0,0,0,0,0
169,#2026-05-27 13:51:27#,16.9789999999994,0.000315,-0.000303,2.603178,2.602233,0,0,-0.000333,0.554667,0,0,0,0,0,0,0,0,0,0
170,#2026-05-27 13:51:27#,17.0789999999997,0.000127,-0.000108,2.606892,2.605766,0,0,-0.000333,0.557333,0,0,0,0,0,0,0,0,0,0
171,#2026-05-27 13:51:28#,17.1790000000001,0.000323,-0.000231,2.61239,2.610953,0,0,-0.000333,0.56,0,0,0,0,0,0,0,0,0,0
172,#2026-05-27 13:51:28#,17.2789999999986,0.000202,-0.000271,2.621599,2.620168,0,0,-0.000333,0.563,0,0,0,0,0,0,0,0,0,0
173,#2026-05-27 13:51:28#,17.3599999999988,0.000429,-0.000355,2.629982,2.628579,0,0,-0.000333,0.565333,0,0,0,0,0,0,0,0,0,0
174,#2026-05-27 13:51:28#,17.4689999999991,8.4E-05,-0.000183,2.64089,2.639608,0,0,-0.000333,0.568667,0,0,0,0,0,0,0,0,0,0
175,#2026-05-27 13:51:28#,17.5789999999997,0.000226,-0.000225,2.649042,2.647312,0,0,-0.000333,0.572,0,0,0,0,0,0,0,0,0,0
176,#2026-05-27 13:51:28#,17.6809999999987,0.000267,-0.00024,2.655022,2.653232,0,0,-0.000333,0.575,0,0,0,0,0,0,0,0,0,0
177,#2026-05-27 13:51:28#,17.780999999999,0.000394,-0.000217,2.661641,2.659823,0,0,-0.000333,0.577667,0,0,0,0,0,0,0,0,0,0
178,#2026-05-27 13:51:28#,17.8809999999994,0.000211,-0.000116,2.670005,2.667911,0,0,-0.000333,0.580333,0,0,0,0,0,0,0,0,0,0
179,#2026-05-27 13:51:28#,17.9809999999998,0.000261,-0.000431,2.682818,2.680918,0,0,-0.000333,0.583667,0,0,0,0,0,0,0,0,0,0
180,#2026-05-27 13:51:28#,18.0829999999987,0.000213,-0.000103,2.701801,2.699961,-0.000333,0,-0.000333,0.587667,0,0,0,0,0,0,0,0,0,0
181,#2026-05-27 13:51:29#,18.1829999999991,0.000291,-0.000236,2.720722,2.71877,-0.000333,0,-0.000333,0.592,0,0,0,0,0,0,0,0,0,0
182,#2026-05-27 13:51:29#,18.2829999999994,0.000274,-0.000177,2.737245,2.735137,0,0,-0.000333,0.596667,0,0,0,0,0,0,0,0,0,0
183,#2026-05-27 13:51:29#,18.3829999999998,0.000297,-0.000498,2.748637,2.745989,0,0,-0.000333,0.601333,0,0,0,0,0,0,0,0,0,0
184,#2026-05-27 13:51:29#,18.4830000000002,0.000287,-0.000189,2.750425,2.747539,0,0,-0.000333,0.604667,0,0,0,0,0,0,0,0,0,0
185,#2026-05-27 13:51:29#,18.5589999999993,0.000427,-0.000252,2.750899,2.747794,-0.000333,0,-0.000333,0.607,0,0,0,0,0,0,0,0,0,0
186,#2026-05-27 13:51:29#,18.6679999999997,0.000315,-0.000225,2.756699,2.753511,0,0,-0.000333,0.61,0,0,0,0,0,0,0,0,0,0
187,#2026-05-27 13:51:29#,18.7780000000002,0.000224,-0.00025,2.766727,2.763502,-0.000333,0,-0.000333,0.613667,0,0,0,0,0,0,0,0,0,0
188,#2026-05-27 13:51:29#,18.884,0.000291,-0.000265,2.776307,2.773185,-0.000333,-0.000333,-0.000333,0.617,0,0,0,0,0,0,0,0,0,0
189,#2026-05-27 13:51:29#,18.9849999999988,0.000237,-0.000317,2.78366,2.780364,0,-0.000333,-0.000333,0.62,0,0,0,0,0,0,0,0,0,0
190,#2026-05-27 13:51:30#,19.0849999999991,9.4E-05,-0.000311,2.790336,2.787107,0,0,0,0.622667,0,0,0,0,0,0,0,0,0,0
191,#2026-05-27 13:51:30#,19.1849999999995,0.000276,-0.000212,2.79768,2.794592,-0.000333,-0.000333,0,0.625667,0,0,0,0,0,0,0,0,0,0
192,#2026-05-27 13:51:30#,19.2749999999996,0.000222,-0.000231,2.804989,2.802105,-0.000333,0,0,0.628333,0,0,0,0,0,0,0,0,0,0
193,#2026-05-27 13:51:30#,19.3859999999986,0.0002,-0.000324,2.81458,2.811441,-0.000333,0,0,0.631667,0,0,0,0,0,0,0,0,0,0
194,#2026-05-27 13:51:30#,19.485999999999,0.000235,-0.000246,2.82225,2.819041,0,0,0,0.634333,0,0,0,0,0,0,0,0,0,0
195,#2026-05-27 13:51:30#,19.5859999999993,0.000282,-0.000231,2.83127,2.828046,0,0,0,0.637333,0,0,0,0,0,0,0,0,0,0
196,#2026-05-27 13:51:30#,19.6880000000001,0.000174,-0.000246,2.844898,2.841695,-0.000333,-0.000333,0,0.640667,0,0,0,0,0,0,0,0,0,0
197,#2026-05-27 13:51:30#,19.7829999999994,8.2E-05,-0.000322,2.863445,2.860382,-0.000333,-0.000333,0,0.644667,0,0,0,0,0,0,0,0,0,0
198,#2026-05-27 13:51:30#,19.887999999999,4.3E-05,-0.000236,2.884486,2.881927,0,0,0,0.65,0,0,0,0,0,0,0,0,0,0
199,#2026-05-27 13:51:30#,19.9789999999994,0.000483,-0.000259,2.898706,2.895733,-0.000333,0,0,0.654333,0,0,0,0,0,0,0,0,0,0
200,#2026-05-27 13:51:31#,20.0879999999997,0.000142,-0.000219,2.909246,2.90544,-0.000333,0,-0.000333,0.659,0,0,0,0,0,0,0,0,0,0
201,#2026-05-27 13:51:31#,20.1880000000001,0.000246,-0.000248,2.911129,2.907208,0,0,-0.000333,0.662667,0,0,0,0,0,0,0,0,0,0
202,#2026-05-27 13:51:31#,20.2879999999986,0.000243,-0.000189,2.915165,2.910766,0,0,0,0.665667,0,0,0,0,0,0,0,0,0,0
203,#2026-05-27 13:51:31#,20.3889999999992,0.000282,-2.8E-05,2.918817,2.914201,0,0,0,0.668667,0,0,0,0,0,0,0,0,0,0
204,#2026-05-27 13:51:31#,20.4889999999996,0.000334,-0.000187,2.919669,2.915025,0,0,0,0.671,0,0,0,0,0,0,0,0,0,0
205,#2026-05-27 13:51:31#,20.5889999999999,0.00034,-0.000196,2.923064,2.918233,-0.000333,0,0,0.673333,0,0,0,0,0,0,0,0,0,0
206,#2026-05-27 13:51:31#,20.6899999999987,0.00028,-0.000332,2.930995,2.926212,0,0,0,0.676,0,0,0,0,0,0,0,0,0,0
207,#2026-05-27 13:51:31#,20.7899999999991,0.000325,-0.000128,2.943867,2.939121,0,0,0,0.679,0,0,0,0,0,0,0,0,0,0
208,#2026-05-27 13:51:31#,20.8649999999998,0.000192,-0.000215,2.951607,2.946804,-0.000333,0,0,0.681,0,0,0,0,0,0,0,0,0,0
209,#2026-05-27 13:51:31#,20.991,0.000353,-0.000366,2.961039,2.956145,0,-0.000333,0,0.684667,0,0,0,0,0,0,0,0,0,0
210,#2026-05-27 13:51:32#,21.0729999999985,0.000166,-0.000147,2.966717,2.96161,-0.000333,0,0,0.687,0,0,0,0,0,0,0,0,0,0
211,#2026-05-27 13:51:32#,21.1829999999991,9.2E-05,-0.000301,2.976406,2.971228,0,0,-0.000333,0.69,0,0,0,0,0,0,0,0,0,0
212,#2026-05-27 13:51:32#,21.2909999999993,0.000252,-0.000347,2.987127,2.981705,0,-0.000333,0,0.693333,0,0,0,0,0,0,0,0,0,0
213,#2026-05-27 13:51:32#,21.393,0.000386,-0.000284,2.999082,2.993909,0,0,-0.000333,0.696333,0,0,0,0,0,0,0,0,0,0
214,#2026-05-27 13:51:32#,21.4929999999986,0.00011,-0.000299,3.013063,3.007802,-0.000333,-0.000333,-0.000333,0.7,0,0,0,0,0,0,0,0,0,0
215,#2026-05-27 13:51:32#,21.5929999999989,0.000343,-0.000183,3.027115,3.021691,-0.000333,0,-0.000333,0.703667,0,0,0,0,0,0,0,0,0,0
216,#2026-05-27 13:51:32#,21.6929999999993,0.000295,-0.000305,3.041406,3.036103,0,0,-0.000333,0.707667,0,0,0,0,0,0,0,0,0,0
217,#2026-05-27 13:51:32#,21.7929999999997,0.000461,-0.000271,3.055399,3.049733,0,0,-0.000333,0.711667,0,0,0,0,0,0,0,0,0,0
218,#2026-05-27 13:51:32#,21.8940000000002,0.000371,-0.000263,3.067828,3.062003,0,-0.000333,-0.000333,0.715667,0,0,0,0,0,0,0,0,0,0
219,#2026-05-27 13:51:32#,21.9939999999988,0.000321,-0.00028,3.079872,3.074155,-0.000333,-0.000333,-0.000333,0.719667,0,0,0,0,0,0,0,0,0,0
220,#2026-05-27 13:51:33#,22.0649999999987,0.000172,-0.000236,3.088424,3.082578,0,0,-0.000333,0.722333,0,0,0,0,0,0,0,0,0,0
221,#2026-05-27 13:51:33#,22.1779999999999,0.000325,-0.000382,3.098424,3.092296,-0.000333,0,-0.000333,0.726667,0,0,0,0,0,0,0,0,0,0
222,#2026-05-27 13:51:33#,22.2879999999986,0.000144,-0.00025,3.10522,3.098625,0,0,-0.000333,0.730333,0,0,0,0,0,0,0,0,0,0
223,#2026-05-27 13:51:33#,22.3949999999986,0.000213,-0.000355,3.110138,3.102977,-0.000333,-0.000333,-0.000333,0.733667,0,0,0,0,0,0,0,0,0,0
224,#2026-05-27 13:51:33#,22.494999999999,0.000284,-0.000254,3.115418,3.108213,0,0,-0.000333,0.736333,0,0,0,0,0,0,0,0,0,0
225,#2026-05-27 13:51:33#,22.5949999999993,0.000172,-0.000252,3.123715,3.116059,0,0,-0.000333,0.739333,0,0,0,0,0,0,0,0,0,0
226,#2026-05-27 13:51:33#,22.6959999999999,0.000213,-0.000227,3.133067,3.125218,0,-0.000333,-0.000333,0.742333,0,0,0,0,0,0,0,0,0,0
227,#2026-05-27 13:51:33#,22.7959999999985,0.000371,-0.000286,3.144767,3.136941,0,0,0,0.745333,0,0,0,0,0,0,0,0,0,0
228,#2026-05-27 13:51:33#,22.8979999999992,0.000321,-0.000334,3.160575,3.152858,-0.000333,0,-0.000333,0.749333,0,0,0,0,0,0,0,0,0,0
229,#2026-05-27 13:51:33#,22.9979999999996,0.0002,-0.000288,3.183384,3.176246,0,-0.000333,-0.000333,0.753667,0,0,0,0,0,0,0,0,0,0
230,#2026-05-27 13:51:34#,23.098,0.000405,-0.000389,3.21687,3.210984,0,0,-0.000333,0.760333,0,0,0,0,0,0,0,0,0,0
231,#2026-05-27 13:51:34#,23.1979999999985,0.000412,-0.000382,3.231347,3.224875,-0.000333,0,-0.000333,0.766,0,0,0,0,0,0,0,0,0,0
232,#2026-05-27 13:51:34#,23.2979999999989,0.000284,-0.000349,3.220512,3.212368,-0.000333,-0.000333,-0.000333,0.769333,0,0,0,0,0,0,0,0,0,0
233,#2026-05-27 13:51:34#,23.3979999999992,0.00025,-0.000265,3.205741,3.196365,0,0,-0.000333,0.770667,0,0,0,0,0,0,0,0,0,0
234,#2026-05-27 13:51:34#,23.4809999999998,0.000131,-0.000309,3.198247,3.18893,0,0,-0.000333,0.772,0,0,0,0,0,0,0,0,0,0
235,#2026-05-27 13:51:34#,23.5909999999985,0.000306,-0.000349,3.20303,3.194085,-0.000333,0,-0.000333,0.774,0,0,0,0,0,0,0,0,0,0
236,#2026-05-27 13:51:34#,23.6989999999987,0.000241,-0.000294,3.227793,3.219305,-0.000333,-0.000333,-0.000333,0.777667,0,0,0,0,0,0,0,0,0,0
237,#2026-05-27 13:51:34#,23.7999999999993,0.00028,-0.000349,3.255244,3.247318,-0.000333,-0.000333,-0.000333,0.782,0,0,0,0,0,0,0,0,0,0
238,#2026-05-27 13:51:34#,23.8999999999996,0.000284,-0.000343,3.268204,3.260342,-0.000333,-0.000333,-0.000333,0.786,0,0,0,0,0,0,0,0,0,0
239,#2026-05-27 13:51:34#,24,0.00014,-0.000236,3.268785,3.260209,-0.000333,0,-0.000333,0.788667,0,0,0,0,0,0,0,0,0,0
240,#2026-05-27 13:51:35#,24.1009999999987,0.00022,-0.000368,3.26695,3.258116,-0.000333,-0.000333,-0.000333,0.790667,0,0,0,0,0,0,0,0,0,0
241,#2026-05-27 13:51:35#,24.2009999999991,0.000129,-0.000267,3.269712,3.260832,-0.000333,-0.000333,-0.000333,0.793,0,0,0,0,0,0,0,0,0,0
242,#2026-05-27 13:51:35#,24.3009999999995,0.000306,-0.000303,3.277483,3.268484,-0.000333,-0.000333,-0.000333,0.795333,0,0,0,0,0,0,0,0,0,0
243,#2026-05-27 13:51:35#,24.3979999999992,0.000401,-0.000294,3.288107,3.279348,-0.000333,0,-0.000333,0.798,0,0,0,0,0,0,0,0,0,0
244,#2026-05-27 13:51:35#,24.5029999999988,0.000332,-0.000334,3.301833,3.293322,-0.000333,-0.000333,-0.000333,0.801333,0,0,0,0,0,0,0,0,0,0
245,#2026-05-27 13:51:35#,24.5990000000002,0.000185,-0.000315,3.315568,3.307476,-0.000333,-0.000333,-0.000333,0.804333,0,0,0,0,0,0,0,0,0,0
246,#2026-05-27 13:51:35#,24.6939999999995,0.000276,-0.000313,3.330168,3.322197,0,-0.000333,-0.000333,0.808,0,0,0,0,0,0,0,0,0,0
247,#2026-05-27 13:51:35#,24.8029999999999,7.5E-05,-0.000326,3.348785,3.341251,-0.000333,0,-0.000333,0.812333,0,0,0,0,0,0,0,0,0,0
248,#2026-05-27 13:51:35#,24.9030000000002,0.000315,-0.000382,3.36673,3.359454,-0.000333,0,-0.000333,0.817,0,0,0,0,0,0,0,0,0,0
249,#2026-05-27 13:51:35#,25.0029999999988,0.000293,-0.000324,3.38585,3.379044,-0.000333,0,-0.000333,0.822,0,0,0,0,0,0,0,0,0,0
250,#2026-05-27 13:51:36#,25.1029999999992,0.000179,-0.000168,3.397413,3.390246,0,-0.000333,-0.000333,0.826667,0,0,0,0,0,0,0,0,0,0
251,#2026-05-27 13:51:36#,25.2039999999997,0.000317,-0.000301,3.400915,3.393365,-0.000333,0,-0.000333,0.830333,0,0,0,0,0,0,0,0,0,0
252,#2026-05-27 13:51:36#,25.3040000000001,9.2E-05,-0.000418,3.40165,3.393429,-0.000333,0,-0.000333,0.833333,0,0,0,0,0,0,0,0,0,0
253,#2026-05-27 13:51:36#,25.3989999999994,0.000423,-0.000349,3.399849,3.391182,-0.000333,-0.000333,-0.000333,0.835667,0,0,0,0,0,0,0,0,0,0
254,#2026-05-27 13:51:36#,25.5049999999992,0.000182999999999993,-0.000263,3.401325,3.392645,-0.000333,0,-0.000333,0.838,0,0,0,0,0,0,0,0,0,0
255,#2026-05-27 13:51:36#,25.598,0.000328,-0.000347,3.407201,3.39833,-0.000333,0,-0.000333,0.840333,0,0,0,0,0,0,0,0,0,0
256,#2026-05-27 13:51:36#,25.7049999999999,0.000196,-0.000189,3.417172,3.408627,0,0,-0.000333,0.843333,0,0,0,0,0,0,0,0,0,0
257,#2026-05-27 13:51:36#,25.8040000000001,0.000315,-0.000246,3.427067,3.418339,-0.000333,-0.000333,-0.000333,0.846,0,0,0,0,0,0,0,0,0,0
258,#2026-05-27 13:51:36#,25.905999999999,0.00039,-0.000215,3.438921,3.430499,-0.000333,0,-0.000333,0.849,0,0,0,0,0,0,0,0,0,0
259,#2026-05-27 13:51:36#,26.0059999999994,0.000269,-0.00024,3.449443,3.441426,0,0,-0.000333,0.852333,0,0,0,0,0,0,0,0,0,0
260,#2026-05-27 13:51:37#,26.1059999999998,5.6E-05,-0.000359,3.458689,3.45076,0,-0.000333,-0.000333,0.855333,0,0,0,0,0,0,0,0,0,0
261,#2026-05-27 13:51:37#,26.2079999999987,0.000325,-0.000299,3.467756,3.45954,-0.000333,0,-0.000333,0.858333,0,0,0,0,0,0,0,0,0,0
262,#2026-05-27 13:51:37#,26.3079999999991,0.000412,-0.00024,3.477513,3.469379,0,0,-0.000333,0.861333,0,0,0,0,0,0,0,0,0,0
263,#2026-05-27 13:51:37#,26.4079999999994,0.000256,-0.000252,3.491314,3.483572,0,0,-0.000333,0.865,0,0,0,0,0,0,0,0,0,0
264,#2026-05-27 13:51:37#,26.5079999999998,0.000237,-0.000322,3.508816,3.501342,-0.000333,0,-0.000333,0.869333,0,0,0,0,0,0,0,0,0,0
265,#2026-05-27 13:51:37#,26.6080000000002,0.000261,-0.000326,3.526601,3.519387,0,-0.000333,-0.000333,0.874333,0,0,0,0,0,0,0,0,0,0
266,#2026-05-27 13:51:37#,26.7079999999987,0.00033,-0.000225,3.536888,3.529814,0,0,-0.000333,0.879,0,0,0,0,0,0,0,0,0,0
267,#2026-05-27 13:51:37#,26.7950000000001,0.000334,-0.000353,3.542721,3.535186,0,0,-0.000333,0.882667,0,0,0,0,0,0,0,0,0,0
268,#2026-05-27 13:51:37#,26.9079999999994,0.000366,-0.000231,3.546318,3.538346,-0.000333,0,-0.000333,0.887,0,0,0,0,0,0,0,0,0,0
269,#2026-05-27 13:51:37#,27.009,0.000295,-0.000296,3.546304,3.537937,0,0,-0.000333,0.89,0,0,0,0,0,0,0,0,0,0
270,#2026-05-27 13:51:38#,27.1089999999986,0.000287,-0.000179,3.54239,3.533949,0,0,-0.000333,0.892333,0,0,0,0,0,0,0,0,0,0
271,#2026-05-27 13:51:38#,27.2099999999991,0.000276,-0.000361,3.541108,3.532774,-0.000333,0,-0.000333,0.894667,0,0,0,0,0,0,0,0,0,0
272,#2026-05-27 13:51:38#,27.3099999999995,0.000388,-0.000313,3.545491,3.53697,-0.000333,0,-0.000333,0.896667,0,0,0,0,0,0,0,0,0,0
273,#2026-05-27 13:51:38#,27.4099999999999,0.000213,-0.000401,3.554091,3.545656,0,0,-0.000333,0.899333,0,0,0,0,0,0,0,0,0,0
274,#2026-05-27 13:51:38#,27.5109999999986,9.9E-05,-0.000328,3.564599,3.556095,-0.000333,-0.000333,-0.000333,0.902,0,0,0,0,0,0,0,0,0,0
275,#2026-05-27 13:51:38#,27.610999999999,0.000209,-0.000139,3.574321,3.565725,0,0,-0.000333,0.905,0,0,0,0,0,0,0,0,0,0
276,#2026-05-27 13:51:38#,27.7109999999993,0.000293,-0.000299,3.58478,3.576264,-0.000333,0,-0.000333,0.908,0,0,0,0,0,0,0,0,0,0
277,#2026-05-27 13:51:38#,27.7829999999994,0.000405,-0.000194,3.59207,3.583937,0,0,-0.000333,0.910333,0,0,0,0,0,0,0,0,0,0
278,#2026-05-27 13:51:38#,27.9129999999986,0.000405,-0.000244,3.60464,3.596623,-0.000333,0,-0.000333,0.914667,0,0,0,0,0,0,0,0,0,0
279,#2026-05-27 13:51:38#,28.003999999999,0.000198,-0.000267,3.617629,3.609989,0,0,-0.000333,0.918333,0,0,0,0,0,0,0,0,0,0
280,#2026-05-27 13:51:39#,28.1129999999994,0.000189,-0.000366,3.637497,3.630212,0,0,-0.000333,0.923333,0,0,0,0,0,0,0,0,0,0
281,#2026-05-27 13:51:39#,28.2129999999997,0.000384,-0.000454,3.653993,3.64689,-0.000333,-0.000333,-0.000333,0.928667,0,0,0,0,0,0,0,0,0,0
282,#2026-05-27 13:51:39#,28.3130000000001,0.000358,-0.000221,3.675736,3.668984,0,-0.000333,-0.000333,0.935,0,0,0,0,0,0,0,0,0,0
283,#2026-05-27 13:51:39#,28.4129999999986,0.000382,-0.000355,3.68624,3.679333,-0.000333,-0.000333,-0.000333,0.941,0,0,0,0,0,0,0,0,0,0
284,#2026-05-27 13:51:39#,28.5139999999992,0.00034,-0.00017,3.678354,3.67014,-0.000333,-0.000333,-0.000333,0.944333,0,0,0,0,0,0,0,0,0,0
285,#2026-05-27 13:51:39#,28.6139999999996,0.000347,-0.000355,3.665328,3.655764,-0.000333,0,-0.000333,0.946,0,0,0,0,0,0,0,0,0,0
286,#2026-05-27 13:51:39#,28.7139999999999,0.000401,-0.00034,3.656368,3.646213,-0.000333,0,-0.000333,0.947,0,0,0,0,0,0,0,0,0,0
287,#2026-05-27 13:51:39#,28.8149999999987,0.00044,-0.000389,3.657229,3.647386,-0.000333,0,-0.000333,0.948333,0,0,0,0,0,0,0,0,0,0
288,#2026-05-27 13:51:39#,28.9149999999991,0.000289,-0.000242,3.671667,3.663032,-0.000333,0,-0.000333,0.950667,0,0,0,0,0,0,0,0,0,0
289,#2026-05-27 13:51:39#,29.0059999999994,0.000317,-0.000267,3.689972,3.681609,0,0,-0.000333,0.953667,0,0,0,0,0,0,0,0,0,0
290,#2026-05-27 13:51:40#,29.1149999999998,0.000453,-0.000263,3.70833,3.700486,-0.000333,0,-0.000333,0.957333,0,0,0,0,0,0,0,0,0,0
291,#2026-05-27 13:51:40#,29.2129999999997,0.000328,-0.000322,3.719514,3.712378,-0.000333,0,-0.000333,0.960667,0,0,0,0,0,0,0,0,0,0
292,#2026-05-27 13:51:40#,29.3159999999989,0.000321,-0.00049,3.726059,3.718967,0,0,-0.000333,0.963667,0,0,0,0,0,0,0,0,0,0
293,#2026-05-27 13:51:40#,29.4159999999993,0.000252,-0.000343,3.730051,3.72305,-0.000333,0,-0.000333,0.966333,0,0,0,0,0,0,0,0,0,0
294,#2026-05-27 13:51:40#,29.518,0.000235,-0.000387,3.734281,3.727253,-0.000333,0,-0.000333,0.969,0,0,0,0,0,0,0,0,0,0
295,#2026-05-27 13:51:40#,29.6179999999986,0.000252,-0.000374,3.740893,3.733898,0,0,-0.000333,0.971667,0,0,0,0,0,0,0,0,0,0
296,#2026-05-27 13:51:40#,29.7179999999989,7.7E-05,-0.000328,3.752179,3.745544,-0.000333,0,-0.000333,0.975,0,0,0,0,0,0,0,0,0,0
297,#2026-05-27 13:51:40#,29.8179999999993,0.000211,-0.000257,3.768814,3.763218,0,0,-0.000333,0.978667,0,0,0,0,0,0,0,0,0,0
298,#2026-05-27 13:51:40#,29.9179999999997,0.000289,-0.000301,3.787197,3.782481,-0.000333,0,-0.000333,0.983333,0,0,0,0,0,0,0,0,0,0
299,#2026-05-27 13:51:40#,30.018,0.000116,-0.000261,3.802392,3.798325,0,0,-0.000333,0.988333,0,0,0,0,0,0,0,0,0,0
300,#2026-05-27 13:51:41#,30.098,0.000328,-0.00017,3.808472,3.804476,-0.000333,0,-0.000333,0.992,0,0,0,0,0,0,0,0,0,0
301,#2026-05-27 13:51:41#,30.2079999999987,0.000185,-0.000401,3.814919,3.810944,0,0,-0.000333,0.996667,0,0,0,0,0,0,0,0,0,0
302,#2026-05-27 13:51:41#,30.3179999999993,0.000205,-0.000439,3.81821,3.814171,-0.000333,0,-0.000333,1.000333,0,0,0,0,0,0,0,0,0,0
303,#2026-05-27 13:51:41#,30.4129999999986,0.000304,-0.000422,3.822116,3.817975,0,0,0,1.003333,0,0,0,0,0,0,0,0,0,0
304,#2026-05-27 13:51:41#,30.5199999999986,0.000282,-0.000198,3.827007,3.823003,-0.000333,0,0,1.006333,0,0,0,0,0,0,0,0,0,0
305,#2026-05-27 13:51:41#,30.619999999999,6.2E-05,-0.00038,3.833242,3.829079,-0.000333,0,0,1.009333,0,0,0,0,0,0,0,0,0,0
306,#2026-05-27 13:51:41#,30.7199999999993,8.4E-05,-0.000347,3.838446,3.834538,0,0,0,1.012,0,0,0,0,0,0,0,0,0,0
307,#2026-05-27 13:51:41#,30.8209999999999,0.000321,-0.000269,3.843113,3.839249,-0.000333,0,0,1.014667,0,0,0,0,0,0,0,0,0,0
308,#2026-05-27 13:51:41#,30.9209999999985,0.000358,-0.000422,3.849518,3.84583,0,0,0,1.017333,0,0,0,0,0,0,0,0,0,0
309,#2026-05-27 13:51:41#,31.0209999999988,0.000358,-0.000387,3.857831,3.854428,-0.000333,0,0,1.02,0,0,0,0,0,0,0,0,0,0
310,#2026-05-27 13:51:42#,31.1229999999996,0.000261,-0.00037,3.867958,3.864415,-0.000333,0,0,1.023,0,0,0,0,0,0,0,0,0,0
311,#2026-05-27 13:51:42#,31.223,0.000312,-0.000406,3.881667,3.878316,-0.000333,0,0,1.026667,0,0,0,0,0,0,0,0,0,0
312,#2026-05-27 13:51:42#,31.3229999999985,0.000306,-0.000219,3.897906,3.89464,0,0,0,1.030667,0,0,0,0,0,0,0,0,0,0
313,#2026-05-27 13:51:42#,31.4089999999997,0.000474,-0.000271,3.914244,3.91117,-0.000333,0,0,1.035,0,0,0,0,0,0,0,0,0,0
314,#2026-05-27 13:51:42#,31.5190000000002,0.000217,-0.000399,3.928507,3.925386,-0.000333,0,0,1.040333,0,0,0,0,0,0,0,0,0,0
315,#2026-05-27 13:51:42#,31.6229999999996,0.000325,-0.000189,3.938012,3.934714,-0.000333,0,0,1.045,0,0,0,0,0,0,0,0,0,0
316,#2026-05-27 13:51:42#,31.723,0.000217,-0.000286,3.944437,3.941038,0,0,0,1.049,0,0,0,0,0,0,0,0,0,0
317,#2026-05-27 13:51:42#,31.8239999999987,0.000174,-0.000265,3.949543,3.945845,0,0,0,1.052667,0,0,0,0,0,0,0,0,0,0
318,#2026-05-27 13:51:42#,31.9239999999991,0.000295,-0.000349,3.948904,3.94493,0,0,0,1.055667,0,0,0,0,0,0,0,0,0,0
319,#2026-05-27 13:51:42#,32.0239999999994,0.00033,-0.000563,3.946367,3.942059,0,0,0,1.057667,0,0,0,0,0,0,0,0,0,0
320,#2026-05-27 13:51:43#,32.125,0.000442,-0.000145,3.948539,3.94439,0,0,0,1.059667,0,0,0,0,0,0,0,0,0,0
321,#2026-05-27 13:51:43#,32.2249999999985,0.00034,-0.000215,3.957122,3.952961,-0.000333,0,0,1.062,0,0,0,0,0,0,0,0,0,0
322,#2026-05-27 13:51:43#,32.3249999999989,0.000274,-0.000368,3.968744,3.964647,-0.000333,0,0,1.065,0,0,0,0,0,0,0,0,0,0
323,#2026-05-27 13:51:43#,32.4259999999995,0.00022,-0.000403,3.978528,3.974792,0,0,0,1.067667,0,0,0,0,0,0,0,0,0,0
324,#2026-05-27 13:51:43#,32.5259999999998,0.000174,-0.000294,3.987151,3.983286,0,0,0,1.070667,0,0,0,0,0,0,0,0,0,0
325,#2026-05-27 13:51:43#,32.610999999999,0.000364,-0.000433,3.995083,3.991422,-0.000333,0,0,1.073,0,0,0,0,0,0,0,0,0,0
326,#2026-05-27 13:51:43#,32.7209999999995,0.000261,-0.000135,4.004664,4.000873,-0.000333,0,0,1.076333,0,0,0,0,0,0,0,0,0,0
327,#2026-05-27 13:51:43#,32.8279999999995,0.000399,-0.000309,4.013872,4.010097,-0.000333,0,0,1.079667,0,0,0,0,0,0,0,0,0,0
328,#2026-05-27 13:51:43#,32.9279999999999,0.000265,-0.00034,4.023965,4.020321,0,0,0,1.082667,0,0,0,0,0,0,0,0,0,0
329,#2026-05-27 13:51:43#,33.0280000000002,0.000451,-0.000263,4.038963,4.03556,0,0,0,1.086667,0,0,0,0,0,0,0,0,0,0
330,#2026-05-27 13:51:44#,33.1279999999988,0.000284,-0.000374,4.056865,4.053572,-0.000333,0,0,1.091,0,0,0,0,0,0,0,0,0,0
331,#2026-05-27 13:51:44#,33.2279999999992,0.000353,-0.000238,4.075193,4.071955,0,0,0,1.096333,0,0,0,0,0,0,0,0,0,0
332,#2026-05-27 13:51:44#,33.3289999999997,0.000384,-0.000257,4.088642,4.085433,0,0,0,1.102,0,0,0,0,0,0,0,0,0,0
333,#2026-05-27 13:51:44#,33.4290000000001,0.000237,-0.000368,4.094128,4.090703,0,0,0,1.106333,0,0,0,0,0,0,0,0,0,0
334,#2026-05-27 13:51:44#,33.5289999999986,0.00034,-0.000445,4.099512,4.096291,-0.000333,0,0,1.110333,0,0,0,0,0,0,0,0,0,0
335,#2026-05-27 13:51:44#,33.6009999999987,9.4E-05,-0.000292,4.099048,4.095445,-0.000333,0,0,1.112333,0,0,0,0,0,0,0,0,0,0
336,#2026-05-27 13:51:44#,33.7129999999997,0.000166,-0.000278,4.094637,4.090438,-0.000333,0,0,1.114667,0,0,0,0,0,0,0,0,0,0
337,#2026-05-27 13:51:44#,33.8209999999999,0.000228,-0.000391,4.09402,4.089875,-0.000333,0,0,1.116667,0,0,0,0,0,0,0,0,0,0
338,#2026-05-27 13:51:44#,33.9299999999985,0.000386,-0.000431,4.100921,4.097096,0,0,0,1.119,0,0,0,0,0,0,0,0,0,0
339,#2026-05-27 13:51:44#,34.030999999999,0.000308,-0.00029,4.113331,4.10972,-0.000333,0,0.000333,1.121333,0,0,0,0,0,0,0,0,0,0
340,#2026-05-27 13:51:45#,34.1309999999994,0.000254,-0.000278,4.126928,4.123544,-0.000333,0,0.000333,1.124333,0,0,0,0,0,0,0,0,0,0
341,#2026-05-27 13:51:45#,34.2309999999998,0.000246,-0.000227,4.139041,4.135917,-0.000333,0,0.000333,1.127333,0,0,0,0,0,0,0,0,0,0
342,#2026-05-27 13:51:45#,34.3329999999987,0.000187,-0.000406,4.149306,4.146223,-0.000333,0,0.000333,1.130667,0,0,0,0,0,0,0,0,0,0
343,#2026-05-27 13:51:45#,34.4329999999991,0.000371,-0.000412,4.158452,4.15552,-0.000333,0,0.000333,1.133667,0,0,0,0,0,0,0,0,0,0
344,#2026-05-27 13:51:45#,34.5329999999994,0.00041,-0.000219,4.167856,4.16516,-0.000333,0,0.000333,1.137,0,0,0,0,0,0,0,0,0,0
345,#2026-05-27 13:51:45#,34.6329999999998,0.000237,-0.000393,4.179577,4.176704,0,0,0.000333,1.140333,0,0,0,0,0,0,0,0,0,0
346,#2026-05-27 13:51:45#,34.7330000000002,0.00036,-0.000372,4.197353,4.194835,-0.000333,0,0.000333,1.144667,0,0,0,0,0,0,0,0,0,0
347,#2026-05-27 13:51:45#,34.8089999999993,0.000461,-0.000345,4.208496,4.206112,-0.000333,-0.000333,0.000333,1.148333,0,0,0,0,0,0,0,0,0,0
348,#2026-05-27 13:51:45#,34.9189999999999,0.000386,-0.000462,4.223134,4.220593,0,0,0.000333,1.153333,0,0,0,0,0,0,0,0,0,0
349,#2026-05-27 13:51:45#,35.030999999999,0.00023,-0.000456,4.236594,4.234267,0,0,0.000333,1.158667,0,0,0,0,0,0,0,0,0,0
350,#2026-05-27 13:51:46#,35.134,0.000351,-0.000301,4.241761,4.239224,0,0,0.000333,1.163,0,0,0,0,0,0,0,0,0,0
351,#2026-05-27 13:51:46#,35.2289999999994,0.000209,-0.000424,4.241192,4.238154,-0.000333,0,0.000333,1.166,0,0,0,0,0,0,0,0,0,0
352,#2026-05-27 13:51:46#,35.3349999999991,0.000384,-0.000477,4.238925,4.235732,-0.000333,-0.000333,0.000333,1.168,0,0,0,0,0,0,0,0,0,0
353,#2026-05-27 13:51:46#,35.4349999999995,9.4E-05,-0.000498,4.240175,4.236916,-0.000333,0,0.000333,1.17,0,0,0,0,0,0,0,0,0,0
354,#2026-05-27 13:51:46#,35.5349999999999,0.000276,-0.000561,4.246316,4.24334,-0.000333,-0.000333,0.000333,1.172,0,0,0,0,0,0,0,0,0,0
355,#2026-05-27 13:51:46#,35.6359999999986,0.000224,-0.000346999999999998,4.257206,4.254171,-0.000333,-0.000333,0.000333,1.174667,0,0,0,0,0,0,0,0,0,0
356,#2026-05-27 13:51:46#,35.735999999999,0.000258,-0.00034,4.268773,4.265867,0,-0.000333,0.000667,1.177333,0,0,0,0,0,0,0,0,0,0
357,#2026-05-27 13:51:46#,35.8359999999993,0.000308,-0.000424,4.280106,4.277244,-0.000333,-0.000333,0.000667,1.180333,0,0,0,0,0,0,0,0,0,0
358,#2026-05-27 13:51:46#,35.9359999999997,0.000205,-0.000322,4.292568,4.28992,0,0,0.000667,1.183333,0,0,0,0,0,0,0,0,0,0
359,#2026-05-27 13:51:46#,36.0379999999986,0.000319,-0.000506,4.305001,4.302733,-0.000333,0,0.000667,1.186667,0,0,0,0,0,0,0,0,0,0
360,#2026-05-27 13:51:47#,36.137999999999,0.000349,-0.000372,4.315317,4.312807,0,0,0.000667,1.19,0,0,0,0,0,0,0,0,0,0
361,#2026-05-27 13:51:47#,36.2339999999986,0.000317,-0.000611,4.327593,4.325135,-0.000333,0,0.000667,1.193667,0,0,0,0,0,0,0,0,0,0
362,#2026-05-27 13:51:47#,36.3379999999997,0.00017,-0.000496,4.34833,4.346365,-0.000333,0,0.000667,1.198667,0,0,0,0,0,0,0,0,0,0
363,#2026-05-27 13:51:47#,36.4380000000001,0.00023,-0.000458,4.369328,4.367525,0,0,0.000667,1.204333,0,0,0,0,0,0,0,0,0,0
364,#2026-05-27 13:51:47#,36.5379999999986,0.000129,-0.000439,4.381214,4.379196,0,0,0.000667,1.21,0,0,0,0,0,0,0,0,0,0
365,#2026-05-27 13:51:47#,36.637999999999,0.000155,-0.000424,4.385842,4.383371,-0.000333,0,0.000667,1.214667,0,0,0,0,0,0,0,0,0,0
366,#2026-05-27 13:51:47#,36.7389999999996,0.000198,-0.000418,4.387998,4.385337,0,0,0.000667,1.218,0,0,0,0,0,0,0,0,0,0
367,#2026-05-27 13:51:47#,36.8389999999999,0.000133,-0.000519,4.386136,4.383231,-0.000333,0,0.000667,1.220333,0,0,0,0,0,0,0,0,0,0
368,#2026-05-27 13:51:47#,36.9389999999985,7.7E-05,-0.000332,4.386115,4.382885,-0.000333,0,0.000667,1.222333,0,0,0,0,0,0,0,0,0,0
369,#2026-05-27 13:51:47#,37.0389999999989,0.000224,-0.000502,4.391385,4.388044,-0.000333,0,0.000667,1.224667,0,0,0,0,0,0,0,0,0,0
370,#2026-05-27 13:51:48#,37.1179999999986,0.000202,-0.000301,4.398504,4.395413,-0.000333,-0.000333,0.000667,1.226333,0,0,0,0,0,0,0,0,0,0
371,#2026-05-27 13:51:48#,37.2279999999992,0.000343,-0.00034,4.412166,4.409254,-0.000333,-0.000333,0.000667,1.229333,0,0,0,0,0,0,0,0,0,0
372,#2026-05-27 13:51:48#,37.3379999999997,0.000306,-0.000357,4.426704,4.423751,0,0,0.000667,1.232667,0,0,0,0,0,0,0,0,0,0
373,#2026-05-27 13:51:48#,37.4409999999989,0.000166,-0.000353,4.437222,4.43452,-0.000333,-0.000333,0.000667,1.235667,0,0,0,0,0,0,0,0,0,0
374,#2026-05-27 13:51:48#,37.5409999999993,0.000198,-0.000317,4.444599,4.441717,0,0,0.000667,1.238667,0,0,0,0,0,0,0,0,0,0
375,#2026-05-27 13:51:48#,37.6409999999996,0.000267,-0.000469,4.451352,4.448523,-0.000333,-0.000333,0.000667,1.241333,0,0,0,0,0,0,0,0,0,0
376,#2026-05-27 13:51:48#,37.7429999999986,0.000379,-0.000471,4.459937,4.457317,-0.000333,0,0.000667,1.244,0,0,0,0,0,0,0,0,0,0
377,#2026-05-27 13:51:48#,37.8429999999989,0.000276,-0.000458,4.470421,4.467782,-0.000333,0,0.000667,1.247,0,0,0,0,0,0,0,0,0,0
378,#2026-05-27 13:51:48#,37.9429999999993,0.000299,-0.000366,4.482446,4.479746,-0.000333,-0.000333,0.000667,1.250333,0,0,0,0,0,0,0,0,0,0
379,#2026-05-27 13:51:48#,38.0429999999997,0.000265,-0.000324,4.500789,4.498525,-0.000333,-0.000333,0.000667,1.254333,0,0,0,0,0,0,0,0,0,0
380,#2026-05-27 13:51:49#,38.143,0.000261,-0.00038,4.519847,4.517738,0,0,0.000667,1.259333,0,0,0,0,0,0,0,0,0,0
381,#2026-05-27 13:51:49#,38.2150000000001,0.00025,-0.000359,4.530952,4.528913,-0.000333,-0.000333,0.000667,1.263,0,0,0,0,0,0,0,0,0,0
382,#2026-05-27 13:51:49#,38.3429999999989,0.000373,-0.000263,4.54491,4.542495,-0.000333,-0.000333,0.000667,1.269667,0,0,0,0,0,0,0,0,0,0
383,#2026-05-27 13:51:49#,38.4359999999997,0.000246,-0.000502,4.548107,4.54534,-0.000333,-0.000333,0.000667,1.273333,0,0,0,0,0,0,0,0,0,0
384,#2026-05-27 13:51:49#,38.5439999999999,0.000351,-0.000433,4.55043,4.547462,0,0,0.000667,1.276667,0,0,0,0,0,0,0,0,0,0
385,#2026-05-27 13:51:49#,38.6440000000002,8E-06,-0.000458,4.551949,4.548824,-0.000333,-0.000333,0.000667,1.279,0,0,0,0,0,0,0,0,0,0
386,#2026-05-27 13:51:49#,38.744999999999,0.000401,-0.000395,4.554652,4.551475,-0.000333,0,0.000667,1.281333,0,0,0,0,0,0,0,0,0,0
387,#2026-05-27 13:51:49#,38.8449999999993,0.000237,-0.000494,4.560967,4.557881,-0.000333,0,0.000667,1.283667,0,0,0,0,0,0,0,0,0,0
388,#2026-05-27 13:51:49#,38.9449999999997,0.00025,-0.000395,4.571085,4.568326,-0.000333,-0.000333,0.000667,1.286,0,0,0,0,0,0,0,0,0,0
389,#2026-05-27 13:51:49#,39.0450000000001,0.000325,-0.000513,4.581883,4.578921,0,-0.000333,0.000667,1.288667,0,0,0,0,0,0,0,0,0,0
390,#2026-05-27 13:51:50#,39.1459999999988,0.000328,-0.000418,4.593263,4.590544,0,-0.000333,0.000667,1.291667,0,0,0,0,0,0,0,0,0,0
391,#2026-05-27 13:51:50#,39.2459999999992,0.0002,-0.00042,4.603481,4.600706,-0.000333,-0.000333,0.000667,1.294667,0,0,0,0,0,0,0,0,0,0
392,#2026-05-27 13:51:50#,39.3459999999995,0.000235,-0.000382,4.612776,4.610011,-0.000333,-0.000333,0.000667,1.297667,0,0,0,0,0,0,0,0,0,0
393,#2026-05-27 13:51:50#,39.4279999999999,0.000254,-0.0005,4.620279,4.617732,-0.000333,-0.000333,0.000667,1.3,0,0,0,0,0,0,0,0,0,0
394,#2026-05-27 13:51:50#,39.5379999999986,0.000243,-0.000448,4.632018,4.629455,0,0,0.000667,1.303333,0,0,0,0,0,0,0,0,0,0
395,#2026-05-27 13:51:50#,39.6479999999992,0.000427,-0.000477,4.648236,4.645668,-0.000333,0,0.000667,1.307333,0,0,0,0,0,0,0,0,0,0
396,#2026-05-27 13:51:50#,39.7479999999996,0.000297,-0.000466,4.669626,4.667178,0,-0.000333,0.000667,1.312333,0,0,0,0,0,0,0,0,0,0
397,#2026-05-27 13:51:50#,39.848,0.000293,-0.000252,4.702669,4.700836,0,-0.000333,0.000667,1.319333,0,0,0,0,0,0,0,0,0,0
398,#2026-05-27 13:51:50#,39.9479999999985,0.000267,-0.000391,4.723612,4.721668,0,-0.000333,0.000333,1.328333,0,0,0,0,0,0,0,0,0,0
399,#2026-05-27 13:51:50#,40.0479999999989,0.000261,-0.000397,4.705105,4.700929,-0.000333,-0.000333,0.000333,1.332,0,0,0,0,0,0,0,0,0,0
400,#2026-05-27 13:51:51#,40.1489999999994,0.000271,-0.000416,4.683366,4.678127,0,-0.000333,0.000333,1.332667,0,0,0,0,0,0,0,0,0,0
401,#2026-05-27 13:51:51#,40.2489999999998,0.000217,-0.000395,4.670724,4.665014,-0.000333,0,0.000333,1.333,0,0,0,0,0,0,0,0,0,0
402,#2026-05-27 13:51:51#,40.3499999999985,0.000215,-0.000387,4.666843,4.661268,-0.000333,0,0.000333,1.333667,0,0,0,0,0,0,0,0,0,0
403,#2026-05-27 13:51:51#,40.4179999999997,0.000142,-0.000288,4.673044,4.66823,0,0,0.000333,1.334333,0,0,0,0,0,0,0,0,0,0
404,#2026-05-27 13:51:51#,40.530999999999,0.000265,-0.00033,4.707579,4.704083,0,0,0.000333,1.338,0,0,0,0,0,0,0,0,0,0
405,#2026-05-27 13:51:51#,40.6409999999996,0.000366,-0.000496,4.738048,4.73509,0,-0.000333,0.000333,1.342,0,0,0,0,0,0,0,0,0,0
406,#2026-05-27 13:51:51#,40.7510000000002,0.000377,-0.000519,4.754088,4.75133,0,0,0.000333,1.346,0,0,0,0,0,0,0,0,0,0
407,#2026-05-27 13:51:51#,40.8509999999987,0.000401,-0.000366,4.762228,4.75947,-0.000333,-0.000333,0.000333,1.349333,0,0,0,0,0,0,0,0,0,0
408,#2026-05-27 13:51:51#,40.9509999999991,0.000332,-0.000471,4.766571,4.76391,0,0,0.000333,1.352,0,0,0,0,0,0,0,0,0,0
409,#2026-05-27 13:51:51#,41.0529999999999,0.000388,-0.000372,4.771877,4.768873,-0.000333,0,0.000333,1.354667,0,0,0,0,0,0,0,0,0,0
410,#2026-05-27 13:51:52#,41.1530000000002,0.000267,-0.000399,4.780758,4.777803,0,-0.000333,0.000333,1.357333,0,0,0,0,0,0,0,0,0,0
411,#2026-05-27 13:51:52#,41.2529999999988,0.000328,-0.000492,4.792076,4.78924,-0.000333,-0.000333,0.000333,1.360333,0,0,0,0,0,0,0,0,0,0
412,#2026-05-27 13:51:52#,41.3529999999992,0.000382,-0.000332,4.808397,4.805697,0,-0.000333,0.000333,1.364,0,0,0,0,0,0,0,0,0,0
413,#2026-05-27 13:51:52#,41.4529999999995,0.000166,-0.000445,4.832075,4.829508,0,-0.000333,0.000333,1.369,0,0,0,0,0,0,0,0,0,0
414,#2026-05-27 13:51:52#,41.5280000000002,0.000332,-0.000431,4.852223,4.850002,-0.000333,-0.000333,0.000333,1.373333,0,0,0,0,0,0,0,0,0,0
415,#2026-05-27 13:51:52#,41.637999999999,0.000382,-0.000433,4.870287,4.8676,-0.000333,0,0,1.380667,0,0,0,0,0,0,0,0,0,0
416,#2026-05-27 13:51:52#,41.7479999999996,0.000306,-0.000534,4.870983,4.8676,0,-0.000333,0,1.385667,0,0,0,0,0,0,0,0,0,0
417,#2026-05-27 13:51:52#,41.8539999999994,0.000261,-0.000424,4.863189,4.858751,0,0,0,1.388333,0,0,0,0,0,0,0,0,0,0
418,#2026-05-27 13:51:52#,41.9539999999997,0.000278,-0.000443,4.857107,4.85201,0,-0.000333,0,1.39,0,0,0,0,0,0,0,0,0,0
419,#2026-05-27 13:51:52#,42.0549999999985,0.000278,-0.000513,4.85785,4.852996,-0.000333,0,0,1.391333,0,0,0,0,0,0,0,0,0,0
420,#2026-05-27 13:51:53#,42.1549999999988,0.000334,-0.00045,4.867513,4.863445,0,-0.000333,0,1.393333,0,0,0,0,0,0,0,0,0,0
421,#2026-05-27 13:51:53#,42.2549999999992,0.000252,-0.000441,4.883294,4.879544,0,-0.000333,0,1.396,0,0,0,0,0,0,0,0,0,0
422,#2026-05-27 13:51:53#,42.3559999999998,0.000362,-0.000477,4.897181,4.893589,0,0,0,1.398667,0,0,0,0,0,0,0,0,0,0
423,#2026-05-27 13:51:53#,42.4560000000001,0.000202,-0.000414,4.909102,4.905568,-0.000333,-0.000333,0,1.401667,0,0,0,0,0,0,0,0,0,0
424,#2026-05-27 13:51:53#,42.5459999999985,0.000254,-0.000458,4.918503,4.915096,-0.000333,-0.000333,0,1.404333,0,0,0,0,0,0,0,0,0,0
425,#2026-05-27 13:51:53#,42.6579999999994,0.000302,-0.000254,4.929546,4.926046,0,-0.000333,-0.000333,1.407667,0,0,0,0,0,0,0,0,0,0
426,#2026-05-27 13:51:53#,42.7399999999998,0.000239,-0.000414,4.93767,4.934232,0,0,-0.000333,1.41,0,0,0,0,0,0,0,0,0,0
427,#2026-05-27 13:51:53#,42.8580000000002,0.00031,-0.000513,4.950366,4.946682,0,-0.000333,-0.000333,1.413667,0,0,0,0,0,0,0,0,0,0
428,#2026-05-27 13:51:53#,42.9449999999997,0.000267,-0.000288,4.96291,4.95935,0,0,-0.000333,1.416667,0,0,0,0,0,0,0,0,0,0
429,#2026-05-27 13:51:53#,43.0549999999985,0.000356,-0.000439,4.988317,4.98503,-0.000333,0,-0.000333,1.422,0,0,0,0,0,0,0,0,0,0
430,#2026-05-27 13:51:54#,43.1579999999994,0.000388,-0.000454,5.017683,5.014723,0,0,-0.000333,1.429,0,0,0,0,0,0,0,0,0,0
431,#2026-05-27 13:51:54#,43.2579999999998,0.000317,-0.000452,5.045751,5.042828,0,-0.000333,-0.000667,1.437667,0,0,0,0,0,0,0,0,0,0
432,#2026-05-27 13:51:54#,43.3589999999986,0.00017,-0.000533999999999999,5.039937,5.035622,-0.000333,-0.000333,-0.000667,1.443667,0,0,0,0,0,0,0,0,0,0
433,#2026-05-27 13:51:54#,43.4589999999989,0.000243,-0.00045,5.014013,5.007886,0,0,-0.000667,1.445,0,0,0,0,0,0,0,0,0,0
434,#2026-05-27 13:51:54#,43.5589999999993,0.000297,-0.000416,4.996559,4.989777,0,-0.000333,-0.000667,1.445333,0,0,0,0,0,0,0,0,0,0
435,#2026-05-27 13:51:54#,43.6589999999997,0.000384,-0.0005,4.986496,4.979481,0,-0.000333,-0.000667,1.445333,0,0,0,0,0,0,0,0,0,0
436,#2026-05-27 13:51:54#,43.7600000000002,0.000304,-0.000456,4.986257,4.979615,-0.000333,0,-0.000667,1.446,0,0,0,0,0,0,0,0,0,0
437,#2026-05-27 13:51:54#,43.8599999999988,0.000414,-0.000473,5.008588,5.003588,0,-0.000333,-0.000667,1.448333,0,0,0,0,0,0,0,0,0,0
438,#2026-05-27 13:51:54#,43.9409999999989,0.00039,-0.000336,5.039628,5.035422,0,-0.000333,-0.000667,1.451,0,0,0,0,0,0,0,0,0,0
439,#2026-05-27 13:51:54#,44.0529999999999,0.000181,-0.000301,5.068786,5.064805,-0.000333,-0.000333,-0.000667,1.455333,0,0,0,0,0,0,0,0,0,0
440,#2026-05-27 13:51:55#,44.1489999999994,0.000295,-0.000477,5.081354,5.077699,0,0,-0.000667,1.458667,0,0,0,0,0,0,0,0,0,0
441,#2026-05-27 13:51:55#,44.2600000000002,0,-0.000456,5.089418,5.085166,0,0,-0.000667,1.462,0,0,0,0,0,0,0,0,0,0
442,#2026-05-27 13:51:55#,44.3629999999994,0.00028,-0.00042,5.095472,5.091351,-0.000333,0,-0.000667,1.464667,0,0,0,0,0,0,0,0,0,0
443,#2026-05-27 13:51:55#,44.4629999999997,0.00034,-0.000548,5.105139,5.101292,-0.000333,0,-0.000667,1.467333,0,0,0,0,0,0,0,0,0,0
444,#2026-05-27 13:51:55#,44.5630000000001,0.000353,-0.000578,5.117843,5.114063,0,0,-0.000667,1.470667,0,0,0,0,0,0,0,0,0,0
445,#2026-05-27 13:51:55#,44.6629999999986,0.000345,-0.000471,5.133709,5.130049,0,0,-0.000667,1.474333,0,0,0,0,0,0,0,0,0,0
446,#2026-05-27 13:51:55#,44.762999999999,8.4E-05,-0.000437,5.157695,5.154293,0,0,-0.000667,1.479,0,0,0,0,0,0,0,0,0,0
447,#2026-05-27 13:51:55#,44.8629999999994,0.000382,-0.0005,5.176629,5.173295,0,-0.000333,-0.000667,1.484667,0,0,0,0,0,0,0,0,0,0
448,#2026-05-27 13:51:55#,44.9639999999999,0.000278,-0.000366,5.194025,5.190751,-0.000333,0,-0.000667,1.490333,0,0,0,0,0,0,0,0,0,0
449,#2026-05-27 13:51:55#,45.0639999999985,0.000267,-0.000485,5.207551,5.204083,0,0,-0.000667,1.496,0,0,0,0,0,0,0,0,0,0
450,#2026-05-27 13:51:56#,45.1489999999994,0.000274,-0.000502,5.209151,5.205469,0,0,-0.000667,1.499667,0,0,0,0,0,0,0,0,0,0
451,#2026-05-27 13:51:56#,45.2579999999998,0.000379,-0.000496,5.198933,5.193888,-0.000333,0,-0.000667,1.502333,0,0,0,0,0,0,0,0,0,0
452,#2026-05-27 13:51:56#,45.3649999999998,0.000425,-0.000445,5.191091,5.185581,-0.000333,0,-0.000667,1.503333,0,0,0,0,0,0,0,0,0,0
453,#2026-05-27 13:51:56#,45.4650000000001,0.00022,-0.00045,5.191002,5.185904,0,0,-0.000667,1.504667,0,0,0,0,0,0,0,0,0,0
454,#2026-05-27 13:51:56#,45.5649999999987,0.000241,-0.000466,5.20046,5.196358,0,0,-0.000667,1.506667,0,0,0,0,0,0,0,0,0,0
455,#2026-05-27 13:51:56#,45.6700000000001,0.000315,-0.000534,5.21794,5.213993,-0.000333,-0.000333,-0.000667,1.509,0,0,0,0,0,0,0,0,0,0
456,#2026-05-27 13:51:56#,45.7709999999988,0.000235,-0.000374,5.234197,5.230508,0,0,-0.000667,1.512,0,0,0,0,0,0,0,0,0,0
457,#2026-05-27 13:51:56#,45.8709999999992,0.00022,-0.000408,5.24957,5.246214,0,0,-0.000667,1.515,0,0,0,0,0,0,0,0,0,0
458,#2026-05-27 13:51:56#,45.9709999999995,0.000299,-0.000534,5.263341,5.260191,0,0,-0.000667,1.518,0,0,0,0,0,0,0,0,0,0
459,#2026-05-27 13:51:56#,46.0729999999985,0.000222,-0.000366,5.276552,5.273348,0,0,-0.000333,1.521667,0,0,0,0,0,0,0,0,0,0
460,#2026-05-27 13:51:57#,46.1479999999992,0.000172,-0.000414,5.285829,5.282959,0,-0.000333,-0.000333,1.524,0,0,0,0,0,0,0,0,0,0
461,#2026-05-27 13:51:57#,46.2579999999998,0.000207,-0.000368,5.299579,5.296694,0,0,-0.000333,1.528,0,0,0,0,0,0,0,0,0,0
462,#2026-05-27 13:51:57#,46.3679999999986,0.000343,-0.000424,5.318878,5.316386,0,-0.000333,-0.000667,1.532667,0,0,0,0,0,0,0,0,0,0
463,#2026-05-27 13:51:57#,46.473,0.000321,-0.000511,5.344527,5.342125,0,0,-0.000667,1.538667,0,0,0,0,0,0,0,0,0,0
464,#2026-05-27 13:51:57#,46.5729999999985,0.000319,-0.000387,5.36874,5.366374,0,-0.000333,-0.000667,1.545333,0,0,0,0,0,0,0,0,0,0
465,#2026-05-27 13:51:57#,46.6729999999989,0.000297,-0.000399,5.385468,5.383016,-0.000333,-0.000333,-0.000667,1.552667,0,0,0,0,0,0,0,0,0,0
466,#2026-05-27 13:51:57#,46.7739999999994,0.00022,-0.000326,5.372061,5.367926,-0.000333,0,-0.000667,1.556333,0,0,0,0,0,0,0,0,0,0
467,#2026-05-27 13:51:57#,46.8739999999998,0.000252,-0.000515,5.351198,5.346129,0,0,-0.000667,1.557,0,0,0,0,0,0,0,0,0,0
468,#2026-05-27 13:51:57#,46.9740000000002,0.000213,-0.000544,5.338096,5.332616,0,0,-0.000667,1.557333,0,0,0,0,0,0,0,0,0,0
469,#2026-05-27 13:51:57#,47.0749999999989,0.000241,-0.000565,5.333753,5.328384,0,-0.000333,-0.000333,1.558,0,0,0,0,0,0,0,0,0,0
470,#2026-05-27 13:51:58#,47.1749999999993,0.000321,-0.000557,5.344968,5.340903,0,0,-0.000333,1.559667,0,0,0,0,0,0,0,0,0,0
471,#2026-05-27 13:51:58#,47.2749999999996,0.000101,-0.000511,5.373599,5.370805,0,0,-0.000333,1.562333,0,0,0,0,0,0,0,0,0,0
472,#2026-05-27 13:51:58#,47.375,0.000278,-0.00059,5.399847,5.396892,-0.000333,0,-0.000333,1.565667,0,0,0,0,0,0,0,0,0,0
473,#2026-05-27 13:51:58#,47.4629999999997,0.000233,-0.000422,5.416439,5.414198,-0.000333,-0.000333,-0.000333,1.568667,0,0,0,0,0,0,0,0,0,0
474,#2026-05-27 13:51:58#,47.5739999999987,0.000246,-0.000483,5.430657,5.428501,-0.000333,0,-0.000333,1.572333,0,0,0,0,0,0,0,0,0,0
475,#2026-05-27 13:51:58#,47.6759999999995,0.000107,-0.000477,5.43885,5.436668,0,0,-0.000333,1.575333,0,0,0,0,0,0,0,0,0,0
476,#2026-05-27 13:51:58#,47.7709999999988,0.000256,-0.000529,5.445689,5.443305,-0.000333,-0.000333,-0.000333,1.578,0,0,0,0,0,0,0,0,0,0
477,#2026-05-27 13:51:58#,47.8779999999988,0.000222,-0.000353,5.456075,5.453698,0,0,-0.000333,1.581,0,0,0,0,0,0,0,0,0,0
478,#2026-05-27 13:51:58#,47.9779999999992,0.000224,-0.000397,5.470298,5.468229,0,-0.000333,-0.000333,1.584333,0,0,0,0,0,0,0,0,0,0
479,#2026-05-27 13:51:58#,48.0779999999995,0.000222,-0.0005,5.49454,5.492888,0,-0.000333,-0.000333,1.589,0,0,0,0,0,0,0,0,0,0
480,#2026-05-27 13:51:59#,48.1779999999999,0.000258,-0.000414,5.525699,5.524447,0,-0.000333,-0.000333,1.595667,0,0,0,0,0,0,0,0,0,0
481,#2026-05-27 13:51:59#,48.2780000000002,0.000194,-0.000502,5.553305,5.552177,0,-0.000333,-0.000667,1.603667,0,0,0,0,0,0,0,0,0,0
482,#2026-05-27 13:51:59#,48.3490000000002,0.000159,-0.000532,5.552413,5.550916,0,-0.000333,-0.000667,1.608333,0,0,0,0,0,0,0,0,0,0
483,#2026-05-27 13:51:59#,48.4589999999989,0.00028,-0.000584,5.528857,5.525302,0,-0.000333,-0.000667,1.610667,0,0,0,0,0,0,0,0,0,0
484,#2026-05-27 13:51:59#,48.5679999999993,0.000239,-0.00059,5.512343,5.508036,0,0,-0.000667,1.611333,0,0,0,0,0,0,0,0,0,0
485,#2026-05-27 13:51:59#,48.6629999999986,0.000444,-0.000597,5.506728,5.502612,0,-0.000333,-0.000333,1.612,0,0,0,0,0,0,0,0,0,0
486,#2026-05-27 13:51:59#,48.7729999999992,0.000228,-0.000433,5.51495,5.512005,0,-0.000333,-0.000333,1.613667,0,0,0,0,0,0,0,0,0,0
487,#2026-05-27 13:51:59#,48.8799999999992,0.000196,-0.000403,5.541198,5.539149,0,0,-0.000333,1.616333,0,0,0,0,0,0,0,0,0,0
488,#2026-05-27 13:51:59#,48.9799999999996,0.000358,-0.000395,5.565377,5.56375,0,0,-0.000333,1.619667,0,0,0,0,0,0,0,0,0,0
489,#2026-05-27 13:51:59#,49.0810000000001,0.000297,-0.000538,5.58232,5.581068,-0.000333,0,-0.000333,1.622667,0,0,0,0,0,0,0,0,0,0
490,#2026-05-27 13:52:00#,49.1809999999987,0.000358,-0.000559,5.593726,5.592832,0,-0.000333,-0.000333,1.626,0,0,0,0,0,0,0,0,0,0
491,#2026-05-27 13:52:00#,49.280999999999,0.000414,-0.000469,5.602644,5.601935,0,0,-0.000333,1.628667,0,0,0,0,0,0,0,0,0,0
492,#2026-05-27 13:52:00#,49.3829999999998,0.000347,-0.000469,5.609485,5.608585,0,-0.000333,-0.000333,1.631667,0,0,0,0,0,0,0,0,0,0
493,#2026-05-27 13:52:00#,49.4830000000002,0.000343,-0.000336,5.618617,5.617888,0,0,-0.000333,1.634333,0,0,0,0,0,0,0,0,0,0
494,#2026-05-27 13:52:00#,49.5829999999987,0.00025,-0.000257,5.630912,5.630253,0,0,-0.000333,1.637333,0,0,0,0,0,0,0,0,0,0
495,#2026-05-27 13:52:00#,49.6579999999994,0.000192,-0.000418,5.643245,5.642764,-0.000333,-0.000333,-0.000333,1.64,0,0,0,0,0,0,0,0,0,0
496,#2026-05-27 13:52:00#,49.7649999999994,0.000358,-0.000525,5.668808,5.668638,0,-0.000333,-0.000333,1.645,0,0,0,0,0,0,0,0,0,0
497,#2026-05-27 13:52:00#,49.8779999999988,0.000353,-0.000502,5.70575,5.706246,0,0,-0.000333,1.652333,0,0,0,0,0,0,0,0,0,0
498,#2026-05-27 13:52:00#,49.9830000000002,0.000373,-0.000435,5.722409,5.722901,-0.000333,-0.000333,-0.000333,1.660333,0,0,0,0,0,0,0,0,0,0
499,#2026-05-27 13:52:01#,50.0839999999989,0.000394,-0.000576,5.712704,5.711739,-0.000333,0,-0.000333,1.664333,0,0,0,0,0,0,0,0,0,0
500,#2026-05-27 13:52:01#,50.1839999999993,0.000246,-0.000414,5.698972,5.697269,0,-0.000333,-0.000333,1.666,0,0,0,0,0,0,0,0,0,0
501,#2026-05-27 13:52:01#,50.2839999999997,0.000142,-0.000521,5.690898,5.688831,0,-0.000333,-0.000333,1.667,0,0,0,0,0,0,0,0,0,0
502,#2026-05-27 13:52:01#,50.384,0.000295,-0.000462,5.691775,5.689979,0,-0.000333,-0.000333,1.668333,0,0,0,0,0,0,0,0,0,0
503,#2026-05-27 13:52:01#,50.4849999999988,0.000315,-0.000515,5.703821,5.703401,-0.000333,-0.000333,-0.000333,1.67,0,0,0,0,0,0,0,0,0,0
504,#2026-05-27 13:52:01#,50.5849999999991,0.000306,-0.00049,5.723395,5.723397,0,0,-0.000333,1.672667,0,0,0,0,0,0,0,0,0,0
505,#2026-05-27 13:52:01#,50.6849999999995,0.000455,-0.000544,5.741427,5.741538,0,-0.000333,-0.000333,1.675667,0,0,0,0,0,0,0,0,0,0
506,#2026-05-27 13:52:01#,50.7860000000001,0.000369,-0.000611,5.757022,5.757549,-0.000333,-0.000333,-0.000333,1.678667,0,0,0,0,0,0,0,0,0,0
507,#2026-05-27 13:52:01#,50.8859999999986,0.000392,-0.000416,5.768643,5.769316,-0.000333,0,-0.000333,1.681333,0,0,0,0,0,0,0,0,0,0
508,#2026-05-27 13:52:01#,50.9709999999995,0.000179,-0.00038,5.77713,5.777965,0,-0.000333,-0.000333,1.683667,0,0,0,0,0,0,0,0,0,0
509,#2026-05-27 13:52:02#,51.0829999999987,0.000297,-0.000511,5.788857,5.789917,-0.000333,0,-0.000333,1.687,0,0,0,0,0,0,0,0,0,0
510,#2026-05-27 13:52:02#,51.1880000000001,0.00041,-0.000618,5.803852,5.805257,0,-0.000333,-0.000333,1.690333,0,0,0,0,0,0,0,0,0,0
511,#2026-05-27 13:52:02#,51.2879999999986,0.000248,-0.00054,5.819013,5.820673,-0.000333,-0.000333,-0.000333,1.694,0,0,0,0,0,0,0,0,0,0
512,#2026-05-27 13:52:02#,51.387999999999,0.000211,-0.000685,5.841499,5.843392,-0.000333,-0.000333,-0.000333,1.698667,0,0,0,0,0,0,0,0,0,0
513,#2026-05-27 13:52:02#,51.4879999999994,0.000306,-0.000511,5.872868,5.875357,-0.000333,-0.000333,-0.000333,1.705,0,0,0,0,0,0,0,0,0,0
514,#2026-05-27 13:52:02#,51.5879999999997,0.000345,-0.000647,5.925055,5.928257,0,-0.000333,-0.000667,1.716,0,0,0,0,0,0,0,0,0,0
515,#2026-05-27 13:52:02#,51.6880000000001,0.000252,-0.000544,5.919177,5.919398,-0.000333,0,-0.000667,1.728,0,0,0,0,0,0,0,0,0,0
516,#2026-05-27 13:52:02#,51.7889999999989,6E-06,-0.000469,5.873627,5.87272,0,-0.000333,-0.000667,1.728667,0,0,0,0,0,0,0,0,0,0
517,#2026-05-27 13:52:02#,51.878999999999,0.000261,-0.000676,5.855018,5.854294,-0.000333,-0.000333,-0.000667,1.728667,0,0,0,0,0,0,0,0,0,0
518,#2026-05-27 13:52:02#,51.9889999999996,0.000265,-0.00059,5.840856,5.840495,-0.000333,0,-0.000667,1.728333,0,0,0,0,0,0,0,0,0,0
519,#2026-05-27 13:52:03#,52.0669999999991,0.000304,-0.00071,5.833833,5.833428,0,-0.000333,-0.000667,1.728333,0,0,0,0,0,0,0,0,0,0
520,#2026-05-27 13:52:03#,52.1899999999987,0.000159,-0.000555,5.825046,5.824525,-0.000333,-0.000333,-0.000333,1.728333,0,0,0,0,0,0,0,0,0,0
521,#2026-05-27 13:52:03#,52.2789999999986,0.000187,-0.00058,5.820169,5.819368,0,-0.000333,-0.000333,1.728333,0,0,0,0,0,0,0,0,0,0
522,#2026-05-27 13:52:03#,52.3899999999994,0.000246,-0.00059,5.815669,5.814272,0,-0.000333,-0.000333,1.728667,0,0,0,0,0,0,0,0,0,0
523,#2026-05-27 13:52:03#,52.491,0.000148,-0.00038,5.822359,5.821878,0,-0.000333,-0.000333,1.729333,0,0,0,0,0,0,0,0,0,0
524,#2026-05-27 13:52:03#,52.5909999999985,0.00014,-0.00055,5.872437,5.873886,0,-0.000333,-0.000333,1.732667,0,0,0,0,0,0,0,0,0,0
525,#2026-05-27 13:52:03#,52.6909999999989,0.000198,-0.000462,5.92788,5.930344,0,-0.000333,-0.000333,1.737333,0,0,0,0,0,0,0,0,0,0
526,#2026-05-27 13:52:03#,52.7929999999997,0.00014,-0.000435,5.959276,5.961844,0,-0.000333,-0.000333,1.741667,0,0,0,0,0,0,0,0,0,0
527,#2026-05-27 13:52:03#,52.893,0.000174,-0.000408,5.979396,5.982499,0,-0.000333,-0.000333,1.745667,0,0,0,0,0,0,0,0,0,0
528,#2026-05-27 13:52:03#,52.9589999999989,0.000332,-0.000445,5.991302,5.994595,-0.000333,-0.000333,-0.000333,1.748333,0,0,0,0,0,0,0,0,0,0
529,#2026-05-27 13:52:04#,53.0929999999989,0.000295,-0.000527,6.015005,6.018189,0,-0.000333,-0.000333,1.754667,0,0,0,0,0,0,0,0,0,0
530,#2026-05-27 13:52:04#,53.1929999999993,0.000187,-0.000639,6.037999,6.041487,-0.000333,-0.000333,-0.000333,1.760333,0,0,0,0,0,0,0,0,0,0
531,#2026-05-27 13:52:04#,53.2780000000002,0.000237,-0.000485,6.063742,6.067354,0,-0.000333,-0.000333,1.766333,0,0,0,0,0,0,0,0,0,0
532,#2026-05-27 13:52:04#,53.3889999999992,0.000235,-0.000443,6.115059,6.118848,-0.000333,-0.000333,-0.000333,1.778667,0,0,0,0,0,0,0,0,0,0
533,#2026-05-27 13:52:04#,53.4939999999988,0.000226,-0.000567,6.079727,6.080256,0,-0.000333,-0.000333,1.783667,0,0,0,0,0,0,0,0,0,0
534,#2026-05-27 13:52:04#,53.5939999999991,9.4E-05,-0.000555,6.048536,6.048204,0,-0.000333,-0.000333,1.783667,0,0,0,0,0,0,0,0,0,0
535,#2026-05-27 13:52:04#,53.6949999999997,0.000252,-0.000448,6.031246,6.030729,0,-0.000333,-0.000333,1.783667,0,0,0,0,0,0,0,0,0,0
536,#2026-05-27 13:52:04#,53.7950000000001,0.000209,-0.000519,6.020168,6.01939,0,-0.000333,-0.000333,1.783667,0,0,0,0,0,0,0,0,0,0
537,#2026-05-27 13:52:04#,53.8949999999986,0.000101,-0.000552,6.012061,6.010856,0,-0.000333,-0.000333,1.783667,0,0,0,0,0,0,0,0,0,0
538,#2026-05-27 13:52:04#,53.994999999999,0.000187,-0.000422,6.008717,6.007565,0,-0.000333,-0.000333,1.784,0,0,0,0,0,0,0,0,0,0
539,#2026-05-27 13:52:05#,54.0959999999995,0.000131,-0.000525,6.024049,6.024678,0,-0.000333,-0.000333,1.785333,0,0,0,0,0,0,0,0,0,0
540,#2026-05-27 13:52:05#,54.1959999999999,0.000157,-0.00055,6.070046,6.071962,-0.000333,-0.000333,-0.000333,1.789,0,0,0,0,0,0,0,0,0,0
541,#2026-05-27 13:52:05#,54.2709999999988,0.000185,-0.000592,6.102685,6.105014,0,-0.000333,-0.000333,1.792,0,0,0,0,0,0,0,0,0,0
542,#2026-05-27 13:52:05#,54.366,0.00023,-0.000622,6.133231,6.135747,0,-0.000333,-0.000333,1.795667,0,0,0,0,0,0,0,0,0,0
543,#2026-05-27 13:52:05#,54.4779999999992,0.000243,-0.000441,6.151464,6.15393,0,-0.000333,-0.000333,1.8,0,0,0,0,0,0,0,0,0,0
544,#2026-05-27 13:52:05#,54.5859999999993,0.000349,-0.000492,6.163291,6.16587,0,-0.000333,-0.000333,1.803667,0,0,0,0,0,0,0,0,0,0
545,#2026-05-27 13:52:05#,54.6959999999999,0.000226,-0.000502,6.17688,6.179517,0,-0.000333,-0.000333,1.807667,0,0,0,0,0,0,0,0,0,0
546,#2026-05-27 13:52:05#,54.7979999999989,0.000291,-0.000437,6.19829,6.200766,0,-0.000333,-0.000333,1.812333,0,0,0,0,0,0,0,0,0,0
547,#2026-05-27 13:52:05#,54.8979999999992,0.000403,-0.000435,6.224306,6.226841,-0.000333,-0.000333,-0.000333,1.817667,0,0,0,0,0,0,0,0,0,0
548,#2026-05-27 13:52:05#,54.9979999999996,0.000356,-0.00062,6.249624,6.252469,0,-0.000333,-0.000333,1.824667,0,0,0,0,0,0,0,0,0,0
549,#2026-05-27 13:52:06#,55.0990000000002,0.000373,-0.000521,6.25987,6.262112,0,-0.000333,-0.000333,1.830667,0,0,0,0,0,0,0,0,0,0
550,#2026-05-27 13:52:06#,55.1989999999987,0.000332,-0.000735,6.247725,6.248167,0,-0.000333,-0.000333,1.833667,0,0,0,0,0,0,0,0,0,0
551,#2026-05-27 13:52:06#,55.2989999999991,0.000127,-0.000529,6.232775,6.232127,-0.000333,-0.000333,-0.000333,1.835,0,0,0,0,0,0,0,0,0,0
552,#2026-05-27 13:52:06#,55.3989999999994,0.000185,-0.000603,6.224408,6.223666,0,-0.000333,-0.000333,1.835667,0,0,0,0,0,0,0,0,0,0
553,#2026-05-27 13:52:06#,55.4929999999986,0.000161,-0.000565,6.224533,6.224037,0,-0.000333,-0.000333,1.837,0,0,0,0,0,0,0,0,0,0
554,#2026-05-27 13:52:06#,55.5779999999995,0.00023,-0.000496,6.23197,6.23251,0,-0.000333,-0.000333,1.838333,0,0,0,0,0,0,0,0,0,0
555,#2026-05-27 13:52:06#,55.6880000000001,0.000235,-0.000676,6.250263,6.251233,0,-0.000333,-0.000333,1.840667,0,0,0,0,0,0,0,0,0,0
556,#2026-05-27 13:52:06#,55.7979999999989,0.000349,-0.000678,6.271234,6.272049,0,-0.000333,-0.000333,1.843333,0,0,0,0,0,0,0,0,0,0
557,#2026-05-27 13:52:06#,55.9009999999998,0.000444,-0.000725,6.2901,6.291155,0,-0.000333,-0.000333,1.846333,0,0,0,0,0,0,0,0,0,0
558,#2026-05-27 13:52:06#,56.0010000000002,0.000315,-0.000641,6.306245,6.307372,0,-0.000333,-0.000333,1.849667,0,0,0,0,0,0,0,0,0,0
559,#2026-05-27 13:52:07#,56.1009999999987,0.000263,-0.000597,6.32092,6.322047,-0.000333,-0.000333,-0.000333,1.852667,0,0,0,0,0,0,0,0,0,0
560,#2026-05-27 13:52:07#,56.2029999999995,0.00025,-0.000557,6.335797,6.337109,-0.000333,-0.000333,-0.000333,1.856333,0,0,0,0,0,0,0,0,0,0
561,#2026-05-27 13:52:07#,56.3029999999999,0.00033,-0.00049,6.352156,6.353422,-0.000333,-0.000333,-0.000333,1.86,0,0,0,0,0,0,0,0,0,0
562,#2026-05-27 13:52:07#,56.4030000000002,0.00033,-0.000695,6.374689,6.376257,0,-0.000333,-0.000333,1.865,0,0,0,0,0,0,0,0,0,0
563,#2026-05-27 13:52:07#,56.5029999999988,0.000541,-0.000504,6.415962,6.418036,0,-0.000333,-0.000333,1.872333,0,0,0,0,0,0,0,0,0,0
564,#2026-05-27 13:52:07#,56.6029999999992,0.000431,-0.000563,6.507978,6.509689,-0.000333,-0.000333,-0.000333,1.893667,0,0,0,0,0,0,0,0,0,0
565,#2026-05-27 13:52:07#,56.7029999999995,0.000416,-0.00066,6.418442,6.415162,0,-0.000333,-0.000333,1.899333,0,0,0,0,0,0,0,0,0,0
566,#2026-05-27 13:52:07#,56.8029999999999,0.000133,-0.000783,6.387514,6.384531,0,-0.000333,-0.000333,1.899333,0,0,0,0,0,0,0,0,0,0
567,#2026-05-27 13:52:07#,56.8850000000002,0.000215,-0.000666,6.373534,6.371088,-0.000333,-0.000333,-0.000333,1.899,0,0,0,0,0,0,0,0,0,0
568,#2026-05-27 13:52:07#,56.994999999999,3.2E-05,-0.000653,6.359183,6.35708,-0.000333,-0.000333,-0.000333,1.898667,0,0,0,0,0,0,0,0,0,0
569,#2026-05-27 13:52:08#,57.1039999999994,0.000241,-0.000794,6.347965,6.345839,0,-0.000333,-0.000333,1.898333,0,0,0,0,0,0,0,0,0,0
570,#2026-05-27 13:52:08#,57.2049999999999,-1.6E-05,-0.000708,6.339903,6.337809,-0.000333,-0.000333,-0.000333,1.898,0,0,0,0,0,0,0,0,0,0
571,#2026-05-27 13:52:08#,57.3049999999985,0.000179,-0.00072,6.334125,6.331771,0,-0.000333,-0.000333,1.898,0,0,0,0,0,0,0,0,0,0
572,#2026-05-27 13:52:08#,57.4049999999988,0.000196,-0.000731,6.329107,6.326818,-0.000333,-0.000333,-0.000333,1.898,0,0,0,0,0,0,0,0,0,0
573,#2026-05-27 13:52:08#,57.5059999999994,0.000334,-0.000704,6.325075,6.322303,-0.000333,-0.000333,-0.000333,1.898,0,0,0,0,0,0,0,0,0,0
574,#2026-05-27 13:52:08#,57.6059999999998,0.00017,-0.000561,6.321608,6.318201,-0.000333,-0.000333,-0.000333,1.898333,0,0,0,0,0,0,0,0,0,0
575,#2026-05-27 13:52:08#,57.7060000000001,8.2E-05,-0.000536,6.320291,6.316533,-0.000333,-0.000333,-0.000333,1.898667,0,0,0,0,0,0,0,0,0,0
576,#2026-05-27 13:52:08#,57.8079999999991,7.9E-05,-0.000647,6.334384,6.332029,0,-0.000333,-0.000333,1.899667,0,0,0,0,0,0,0,0,0,0
577,#2026-05-27 13:52:08#,57.9079999999994,0.000323,-0.000645,6.395505,6.394818,0,-0.000333,-0.000333,1.903667,0,0,0,0,0,0,0,0,0,0
578,#2026-05-27 13:52:08#,57.985999999999,0.000319,-0.000433,6.452518,6.452451,-0.000333,-0.000333,-0.000333,1.908,0,0,0,0,0,0,0,0,0,0
579,#2026-05-27 13:52:09#,58.098,0.000299,-0.000552,6.510228,6.510481,-0.000333,-0.000333,-0.000333,1.913667,0,0,0,0,0,0,0,0,0,0
580,#2026-05-27 13:52:09#,58.2079999999987,0.0002,-0.000435,6.552491,6.553254,0,-0.000333,-0.000333,1.920667,0,0,0,0,0,0,0,0,0,0
581,#2026-05-27 13:52:09#,58.3079999999991,0.000412,-0.000714,6.587236,6.588238,0,-0.000333,-0.000333,1.929,0,0,0,0,0,0,0,0,0,0
582,#2026-05-27 13:52:09#,58.4089999999997,0.000304,-0.000478999999999999,6.617162,6.618421,0,0,-0.000333,1.938667,0,0,0,0,0,0,0,0,0,0
583,#2026-05-27 13:52:09#,58.509,0.000248,-0.000848,6.605441,6.604617,-0.000333,-0.000333,-0.000333,1.944333,0,0,0,0,0,0,0,0,0,0
584,#2026-05-27 13:52:09#,58.6089999999986,0.000278,-0.000515,6.580948,6.579022,0,-0.000333,-0.000333,1.945667,0,0,0,0,0,0,0,0,0,0
585,#2026-05-27 13:52:09#,58.7089999999989,0.000174,-0.00059,6.565979,6.56358,-0.000333,-0.000333,-0.000333,1.946333,0,0,0,0,0,0,0,0,0,0
586,#2026-05-27 13:52:09#,58.8099999999995,0.000254,-0.000613,6.559746,6.557412,0,0,-0.000333,1.947,0,0,0,0,0,0,0,0,0,0
587,#2026-05-27 13:52:09#,58.9099999999999,3E-05,-0.000508,6.564581,6.563078,0,-0.000333,-0.000333,1.948333,0,0,0,0,0,0,0,0,0,0
588,#2026-05-27 13:52:09#,58.9799999999996,0.000256,-0.000527,6.574973,6.574686,0,0,-0.000333,1.949667,0,0,0,0,0,0,0,0,0,0
589,#2026-05-27 13:52:10#,59.110999999999,0.000176,-0.000741,6.60125,6.601393,-0.000333,0,-0.000333,1.953,0,0,0,0,0,0,0,0,0,0
590,#2026-05-27 13:52:10#,59.1989999999987,0.000291,-0.000586,6.618995,6.619269,-0.000333,0,-0.000333,1.955333,0,0,0,0,0,0,0,0,0,0
591,#2026-05-27 13:52:10#,59.3109999999997,0.000261,-0.000639,6.641743,6.642263,0,-0.000333,-0.000333,1.958667,0,0,0,0,0,0,0,0,0,0
592,#2026-05-27 13:52:10#,59.4129999999986,0.000224,-0.000559,6.661905,6.663372,0,0,-0.000333,1.962333,0,0,0,0,0,0,0,0,0,0
593,#2026-05-27 13:52:10#,59.512999999999,0.000351,-0.000471,6.678066,6.679556,0,0,-0.000333,1.966,0,0,0,0,0,0,0,0,0,0
594,#2026-05-27 13:52:10#,59.6129999999994,7.1E-05,-0.000485,6.691502,6.693093,0,0,-0.000333,1.969333,0,0,0,0,0,0,0,0,0,0
595,#2026-05-27 13:52:10#,59.7129999999997,8.6E-05,-0.000576,6.709543,6.711663,0,0,-0.000333,1.973667,0,0,0,0,0,0,0,0,0,0
596,#2026-05-27 13:52:10#,59.8130000000001,0.000319,-0.000464,6.73571,6.737992,0,0,-0.000333,1.979,0,0,0,0,0,0,0,0,0,0
597,#2026-05-27 13:52:10#,59.9129999999986,0.00022,-0.000582,6.77459,6.777236,0,0,-0.000333,1.986667,0,0,0,0,0,0,0,0,0,0
598,#2026-05-27 13:52:10#,60.0139999999992,0.000194,-0.000676,6.845686,6.848321,0,0,-0.000667,2.003,0,0,0,0,0,0,0,0,0,0
599,#2026-05-27 13:52:11#,60.1139999999996,0.000353,-0.000645,6.777896,6.776501,0,0,-0.000667,2.007667,0,0,0,0,0,0,0,0,0,0
600,#2026-05-27 13:52:11#,60.2139999999999,0.000224,-0.000498,6.74402,6.742401,-0.000333,0,-0.000667,2.007667,0,0,0,0,0,0,0,0,0,0
601,#2026-05-27 13:52:11#,60.3029999999999,0.000306,-0.000773,6.72785,6.72648,-0.000333,0,-0.000667,2.007667,0,0,0,0,0,0,0,0,0,0
602,#2026-05-27 13:52:11#,60.4110000000001,0.000118,-0.000708,6.714827,6.71391,0,0,-0.000667,2.007333,0,0,0,0,0,0,0,0,0,0
603,#2026-05-27 13:52:11#,60.5079999999998,0.000118,-0.000798,6.706171,6.705316,-0.000333,0,-0.000667,2.007333,0,0,0,0,0,0,0,0,0,0
604,#2026-05-27 13:52:11#,60.6149999999998,9E-05,-0.000594,6.698668,6.697952,0,0,-0.000667,2.007333,0,0,0,0,0,0,0,0,0,0
605,#2026-05-27 13:52:11#,60.7079999999987,-6.1E-05,-0.000716,6.693531,6.692711,0,0,-0.000333,2.007333,0,0,0,0,0,0,0,0,0,0
606,#2026-05-27 13:52:11#,60.8159999999989,4.5E-05,-0.000706,6.689126,6.687421,-0.000333,0,-0.000333,2.007667,0,0,0,0,0,0,0,0,0,0
607,#2026-05-27 13:52:11#,60.9159999999993,0.00012,-0.000708,6.686414,6.684403,0,0,-0.000333,2.007667,0,0,0,0,0,0,0,0,0,0
608,#2026-05-27 13:52:11#,61.0159999999996,0.000239,-0.000605,6.706495,6.706069,0,0,-0.000333,2.009333,0,0,0,0,0,0,0,0,0,0
609,#2026-05-27 13:52:12#,61.1179999999986,0.000317,-0.000624,6.771977,6.773182,0,0,-0.000333,2.014,0,0,0,0,0,0,0,0,0,0
610,#2026-05-27 13:52:12#,61.2150000000001,0.000217,-0.000557,6.82296,6.824316,-0.000333,0,-0.000333,2.018333,0,0,0,0,0,0,0,0,0,0
611,#2026-05-27 13:52:12#,61.3179999999993,0.00033,-0.000567,6.856307,6.858083,0,0,-0.000333,2.023,0,0,0,0,0,0,0,0,0,0
612,#2026-05-27 13:52:12#,61.3949999999986,0.000211,-0.000557,6.875202,6.877147,-0.000333,0,-0.000333,2.026333,0,0,0,0,0,0,0,0,0,0
613,#2026-05-27 13:52:12#,61.503999999999,0.00042,-0.000578,6.901838,6.904091,-0.000333,0,-0.000333,2.032,0,0,0,0,0,0,0,0,0,0
614,#2026-05-27 13:52:12#,61.6129999999994,0.000256,-0.000699,6.926178,6.928258,-0.000333,0,-0.000667,2.038333,0,0,0,0,0,0,0,0,0,0
615,#2026-05-27 13:52:12#,61.7179999999989,0.000254,-0.000733,6.958555,6.960876,-0.000333,0,-0.000667,2.046333,0,0,0,0,0,0,0,0,0,0
616,#2026-05-27 13:52:12#,61.8179999999993,0.00028,-0.00059,6.974796,6.976887,-0.000333,0,-0.000667,2.054,0,0,0,0,0,0,0,0,0,0
617,#2026-05-27 13:52:12#,61.9189999999999,0.000325,-0.000729,6.955436,6.955075,-0.000333,0,-0.000667,2.057333,0,0,0,0,0,0,0,0,0,0
618,#2026-05-27 13:52:12#,62.0199999999986,0.000276,-0.000792,6.933589,6.932467,0,0,-0.000667,2.058333,0,0,0,0,0,0,0,0,0,0
619,#2026-05-27 13:52:13#,62.1209999999992,0.000284,-0.000754,6.920986,6.91937,-0.000333,0,-0.000667,2.058667,0,0,0,0,0,0,0,0,0,0
620,#2026-05-27 13:52:13#,62.2209999999995,0.000166,-0.000811,6.918018,6.916546,-0.000333,0,-0.000667,2.059667,0,0,0,0,0,0,0,0,0,0
621,#2026-05-27 13:52:13#,62.3209999999999,0.000287,-0.000685,6.927231,6.927118,0,0,-0.000333,2.061,0,0,0,0,0,0,0,0,0,0
622,#2026-05-27 13:52:13#,62.4229999999989,0.000276,-0.000573,6.948219,6.948878,0,0,-0.000333,2.063333,0,0,0,0,0,0,0,0,0,0
623,#2026-05-27 13:52:13#,62.5229999999992,0.000397,-0.000731,6.969945,6.970717,0,0,-0.000333,2.066,0,0,0,0,0,0,0,0,0,0
624,#2026-05-27 13:52:13#,62.5909999999985,0.000192,-0.000494,6.984149,6.9848,-0.000333,0,-0.000333,2.068,0,0,0,0,0,0,0,0,0,0
625,#2026-05-27 13:52:13#,62.7009999999991,0.00033,-0.000685,7.004993,7.006159,0,0,-0.000333,2.071333,0,0,0,0,0,0,0,0,0,0
626,#2026-05-27 13:52:13#,62.8109999999997,0.000379,-0.000611,7.024846,7.02631,0,0,-0.000333,2.075,0,0,0,0,0,0,0,0,0,0
627,#2026-05-27 13:52:13#,62.9209999999985,0.000394,-0.000706,7.044847,7.046556,0,0,-0.000333,2.079,0,0,0,0,0,0,0,0,0,0
628,#2026-05-27 13:52:13#,63.0229999999992,0.000256,-0.000561,7.06298,7.06482,0,0,-0.000333,2.083,0,0,0,0,0,0,0,0,0,0
629,#2026-05-27 13:52:14#,63.1239999999998,0.000209,-0.000678,7.087722,7.089972,0,0,-0.000667,2.088,0,0,0,0,0,0,0,0,0,0
630,#2026-05-27 13:52:14#,63.2240000000002,0.000282,-0.000546,7.127956,7.130646,0,0,-0.000667,2.095333,0,0,0,0,0,0,0,0,0,0
631,#2026-05-27 13:52:14#,63.3239999999987,0.000358,-0.000492,7.184091,7.186974,-0.000333,0,-0.000667,2.108333,0,0,0,0,0,0,0,0,0,0
632,#2026-05-27 13:52:14#,63.4249999999993,0.000151,-0.000643,7.150499,7.149504,0,0,-0.000667,2.116,0,0,0,0,0,0,0,0,0,0
633,#2026-05-27 13:52:14#,63.5249999999996,0.000131,-0.000704,7.108373,7.106739,0,0,-0.000667,2.116,0,0,0,0,0,0,0,0,0,0
634,#2026-05-27 13:52:14#,63.625,0.00017,-0.000643,7.087563,7.0856,0,0,-0.000667,2.116,0,0,0,0,0,0,0,0,0,0
635,#2026-05-27 13:52:14#,63.7259999999987,0.000146,-0.000651,7.074242,7.072274,0,0,-0.000667,2.116,0,0,0,0,0,0,0,0,0,0
636,#2026-05-27 13:52:14#,63.8259999999991,0.000202,-0.000737,7.064548,7.06274,0,-0.000333,-0.000667,2.116,0,0,0,0,0,0,0,0,0,0
637,#2026-05-27 13:52:14#,63.9030000000002,3E-05,-0.000748,7.05886,7.056808,0,0,-0.000667,2.116,0,0,0,0,0,0,0,0,0,0
638,#2026-05-27 13:52:14#,64.0280000000002,7.7E-05,-0.000737,7.051525,7.048899,0,-0.000333,-0.000333,2.116,0,0,0,0,0,0,0,0,0,0
639,#2026-05-27 13:52:15#,64.125,0.000207,-0.000741,7.05088,7.048459,0,0,-0.000333,2.116333,0,0,0,0,0,0,0,0,0,0
640,#2026-05-27 13:52:15#,64.2279999999992,0.00014,-0.000511,7.082602,7.082382,0,0,-0.000333,2.118667,0,0,0,0,0,0,0,0,0,0
641,#2026-05-27 13:52:15#,64.3279999999995,0.000159,-0.000613,7.143776,7.144689,0,-0.000333,-0.000333,2.123333,0,0,0,0,0,0,0,0,0,0
642,#2026-05-27 13:52:15#,64.4279999999999,0.000362,-0.000523,7.186361,7.187646,0,0,-0.000333,2.127333,0,0,0,0,0,0,0,0,0,0
643,#2026-05-27 13:52:15#,64.5280000000002,0.000179,-0.00063,7.209682,7.211138,0,0,-0.000333,2.131333,0,0,0,0,0,0,0,0,0,0
644,#2026-05-27 13:52:15#,64.628999999999,0.000246,-0.000605,7.22567,7.227269,0,0,-0.000333,2.135,0,0,0,0,0,0,0,0,0,0
645,#2026-05-27 13:52:15#,64.7289999999994,0.000202,-0.000557,7.24225,7.243976,0,0,-0.000333,2.139,0,0,0,0,0,0,0,0,0,0
646,#2026-05-27 13:52:15#,64.8289999999997,0.000164,-0.000702,7.264056,7.26592,0,0,-0.000333,2.143667,0,0,0,0,0,0,0,0,0,0
647,#2026-05-27 13:52:15#,64.9290000000001,0.00012,-0.000492,7.294084,7.296297,0,0,-0.000333,2.149667,0,0,0,0,0,0,0,0,0,0
648,#2026-05-27 13:52:15#,65.0299999999988,0.000246,-0.00049,7.3426,7.345073,0,-0.000333,-0.000667,2.159,0,0,0,0,0,0,0,0,0,0
649,#2026-05-27 13:52:16#,65.1299999999992,0.000392,-0.000704,7.355572,7.356621,0,0,-0.000667,2.168667,0,0,0,0,0,0,0,0,0,0
650,#2026-05-27 13:52:16#,65.2249999999985,0.0002,-0.000706,7.313293,7.312172,0,-0.000333,-0.000667,2.170333,0,0,0,0,0,0,0,0,0,0
651,#2026-05-27 13:52:16#,65.3299999999999,0.00022,-0.000615,7.284772,7.282814,0,0,-0.000667,2.170667,0,0,0,0,0,0,0,0,0,0
652,#2026-05-27 13:52:16#,65.4309999999987,8.6E-05,-0.000693,7.268537,7.266357,0,-0.000333,-0.000333,2.170667,0,0,0,0,0,0,0,0,0,0
653,#2026-05-27 13:52:16#,65.530999999999,0.000198,-0.000832,7.258325,7.255837,0,0,-0.000333,2.170667,0,0,0,0,0,0,0,0,0,0
654,#2026-05-27 13:52:16#,65.6309999999994,0.000287,-0.000744,7.25531,7.252977,0,0,-0.000333,2.171,0,0,0,0,0,0,0,0,0,0
655,#2026-05-27 13:52:16#,65.7330000000002,0.00028,-0.00075,7.269237,7.2687,0,0,-0.000333,2.172667,0,0,0,0,0,0,0,0,0,0
656,#2026-05-27 13:52:16#,65.8329999999987,0.00031,-0.00076,7.305923,7.306348,0,0,-0.000333,2.175333,0,0,0,0,0,0,0,0,0,0
657,#2026-05-27 13:52:16#,65.9329999999991,0.000164,-0.000756,7.339713,7.340931,0,0,-0.000333,2.178667,0,0,0,0,0,0,0,0,0,0
658,#2026-05-27 13:52:16#,66.0329999999994,0.000181,-0.000716,7.364155,7.365365,0,0,-0.000333,2.181667,0,0,0,0,0,0,0,0,0,0
659,#2026-05-27 13:52:17#,66.1329999999998,0.000116,-0.000744,7.383507,7.385155,0,-0.000333,-0.000333,2.185,0,0,0,0,0,0,0,0,0,0
660,#2026-05-27 13:52:17#,66.2330000000002,0.000248,-0.000678,7.403721,7.405412,0,0,-0.000333,2.188667,0,0,0,0,0,0,0,0,0,0
661,#2026-05-27 13:52:17#,66.3279999999995,0.000276,-0.000676,7.423873,7.425767,0,0,-0.000333,2.192667,0,0,0,0,0,0,0,0,0,0
662,#2026-05-27 13:52:17#,66.4339999999993,0.000353,-0.000655,7.449605,7.451984,0,0,-0.000333,2.197667,0,0,0,0,0,0,0,0,0,0
663,#2026-05-27 13:52:17#,66.5339999999997,0.000308,-0.000542,7.484398,7.487226,0,0,-0.000333,2.204333,0,0,0,0,0,0,0,0,0,0
664,#2026-05-27 13:52:17#,66.634,0.000271,-0.000733,7.545119,7.548346,0,-0.000333,-0.000667,2.216667,0,0,0,0,0,0,0,0,0,0
665,#2026-05-27 13:52:17#,66.7349999999988,0.000155,-0.000771,7.518343,7.517838,0,0,-0.000667,2.225,0,0,0,0,0,0,0,0,0,0
666,#2026-05-27 13:52:17#,66.8349999999991,0.000157,-0.000764,7.472898,7.470813,0,-0.000333,-0.000667,2.225333,0,0,0,0,0,0,0,0,0,0
667,#2026-05-27 13:52:17#,66.9349999999995,0.000246,-0.000771,7.44996,7.447721,0,0,-0.000333,2.225333,0,0,0,0,0,0,0,0,0,0
668,#2026-05-27 13:52:17#,67.0360000000001,0.000202,-0.000622,7.435461,7.433263,0,0,-0.000333,2.225333,0,0,0,0,0,0,0,0,0,0
669,#2026-05-27 13:52:18#,67.1359999999986,0.000198,-0.000842,7.425304,7.422991,0,0,-0.000333,2.225333,0,0,0,0,0,0,0,0,0,0
670,#2026-05-27 13:52:18#,67.235999999999,8.6E-05,-0.000729,7.417654,7.415132,0,0,-0.000333,2.225333,0,0,0,0,0,0,0,0,0,0
671,#2026-05-27 13:52:18#,67.3359999999993,0.000105,-0.000477,7.414186,7.411534,0,0,-0.000333,2.225667,0,0,0,0,0,0,0,0,0,0
672,#2026-05-27 13:52:18#,67.4380000000001,0.000185,-0.000655,7.431741,7.431033,0,-0.000333,-0.000333,2.227,0,0,0,0,0,0,0,0,0,0
673,#2026-05-27 13:52:18#,67.5249999999996,0.000185,-0.000767,7.4733,7.473462,0,0,-0.000333,2.23,0,0,0,0,0,0,0,0,0,0
674,#2026-05-27 13:52:18#,67.637999999999,0.000261,-0.000624,7.519321,7.520342,0,-0.000333,-0.000333,2.234333,0,0,0,0,0,0,0,0,0,0
675,#2026-05-27 13:52:18#,67.7379999999994,0.000416,-0.00076,7.547166,7.548167,0,0,-0.000333,2.237667,0,0,0,0,0,0,0,0,0,0
676,#2026-05-27 13:52:18#,67.8379999999997,0.000248,-0.000699,7.568391,7.569604,0,-0.000333,-0.000333,2.241,0,0,0,0,0,0,0,0,0,0
677,#2026-05-27 13:52:18#,67.9380000000001,0.00033,-0.00062,7.585865,7.587155,0,0,-0.000333,2.244667,0,0,0,0,0,0,0,0,0,0
678,#2026-05-27 13:52:18#,68.0389999999989,0.000306,-0.000666,7.601364,7.602889,0,0,-0.000333,2.248333,0,0,0,0,0,0,0,0,0,0
679,#2026-05-27 13:52:19#,68.1389999999992,0.000258,-0.000727,7.619342,7.620928,0,-0.000333,-0.000333,2.252667,0,0,0,0,0,0,0,0,0,0
680,#2026-05-27 13:52:19#,68.2389999999996,0.000312,-0.000636,7.644597,7.646221,0,0,-0.000333,2.257667,0,0,0,0,0,0,0,0,0,0
681,#2026-05-27 13:52:19#,68.3389999999999,0.000442,-0.000605,7.681386,7.683028,0,0,-0.000333,2.264667,0,0,0,0,0,0,0,0,0,0
682,#2026-05-27 13:52:19#,68.4380000000001,0.000414,-0.00063,7.753713,7.755516,0,0,-0.000333,2.278667,0,0,0,0,0,0,0,0,0,0
683,#2026-05-27 13:52:19#,68.5229999999992,0.000289,-0.000771,7.704489,7.70236,0,-0.000333,-0.000333,2.283667,0,0,0,0,0,0,0,0,0,0
684,#2026-05-27 13:52:19#,68.6399999999994,0.000198,-0.000859,7.656113,7.652976,0,0,-0.000333,2.284,0,0,0,0,0,0,0,0,0,0
685,#2026-05-27 13:52:19#,68.741,0.000289,-0.000785,7.635806,7.632194,0,-0.000333,-0.000333,2.284,0,0,0,0,0,0,0,0,0,0
686,#2026-05-27 13:52:19#,68.8409999999985,0.000168,-0.000718,7.622693,7.618968,0,-0.000333,-0.000333,2.284,0,0,0,0,0,0,0,0,0,0
687,#2026-05-27 13:52:19#,68.9409999999989,0.000282,-0.000714,7.613073,7.609294,0,0,-0.000333,2.284,0,0,0,0,0,0,0,0,0,0
688,#2026-05-27 13:52:19#,69.0429999999997,0.000129,-0.000655,7.607391,7.603362,0,0,-0.000333,2.284333,0,0,0,0,0,0,0,0,0,0
689,#2026-05-27 13:52:20#,69.143,0.000243,-0.000785,7.614816,7.612102,0,0,-0.000333,2.285,0,0,0,0,0,0,0,0,0,0
690,#2026-05-27 13:52:20#,69.2429999999986,0.000323,-0.000718,7.649701,7.648616,0,0,-0.000333,2.287667,0,0,0,0,0,0,0,0,0,0
691,#2026-05-27 13:52:20#,69.3429999999989,0.000187,-0.000809,7.692133,7.691666,0,-0.000333,-0.000333,2.291333,0,0,0,0,0,0,0,0,0,0
692,#2026-05-27 13:52:20#,69.4429999999993,0.000213,-0.000687,7.727867,7.727738,0,0,-0.000333,2.295,0,0,0,0,0,0,0,0,0,0
693,#2026-05-27 13:52:20#,69.5429999999997,0.000271,-0.000802,7.7564,7.756266,0,0,-0.000333,2.298667,0,0,0,0,0,0,0,0,0,0
694,#2026-05-27 13:52:20#,69.6440000000002,0.000243,-0.000691,7.777831,7.777817,0,-0.000333,-0.000333,2.302667,0,0,0,0,0,0,0,0,0,0
695,#2026-05-27 13:52:20#,69.7439999999988,0.000215,-0.00076,7.799969,7.799927,0,-0.000333,-0.000333,2.307,0,0,0,0,0,0,0,0,0,0
696,#2026-05-27 13:52:20#,69.8439999999991,0.000256,-0.000758,7.837653,7.837994,0,-0.000333,-0.000333,2.313333,0,0,0,0,0,0,0,0,0,0
697,#2026-05-27 13:52:20#,69.9449999999997,0.00033,-0.000605,7.918485,7.919393,0,-0.000333,-0.000333,2.326,0,0,0,0,0,0,0,0,0,0
698,#2026-05-27 13:52:20#,70.0450000000001,0.00033,-0.000748,7.892496,7.888034,0,-0.000333,-0.000333,2.342667,0,0,0,0,0,0,0,0,0,0
699,#2026-05-27 13:52:21#,70.1449999999986,6E-06,-0.000764,7.836389,7.831832,0,0,-0.000333,2.342667,0,0,0,0,0,0,0,0,0,0
700,#2026-05-27 13:52:21#,70.244999999999,5.8E-05,-0.000813,7.812768,7.808688,0,0,-0.000333,2.342667,0,0,0,0,0,0,0,0,0,0
701,#2026-05-27 13:52:21#,70.3459999999995,-5E-06,-0.000645,7.797842,7.79442,0,-0.000333,-0.000333,2.342333,0,0,0,0,0,0,0,0,0,0
702,#2026-05-27 13:52:21#,70.4459999999999,0.000269,-0.000672,7.786907,7.783981,0,0,-0.000333,2.342333,0,0,0,0,0,0,0,0,0,0
703,#2026-05-27 13:52:21#,70.5459999999985,7.5E-05,-0.000676,7.778333,7.775575,0,-0.000333,-0.000333,2.342333,0,0,0,0,0,0,0,0,0,0
704,#2026-05-27 13:52:21#,70.6479999999992,9E-05,-0.000937,7.771308,7.768854,0,-0.000333,-0.000333,2.342,0,0,0,0,0,0,0,0,0,0
705,#2026-05-27 13:52:21#,70.7479999999996,0.0002,-0.000515,7.766081,7.763478,0,-0.000333,-0.000333,2.342333,0,0,0,0,0,0,0,0,0,0
